{
    "adv_acc": {
        "Linf": {
            "apgd": {
                "1_255": {
                    "adv_acc": 91.26,
                    "rob_inacc": 1.15,
                    "robind_commit_prec_2x": 99.61809285117556,
                    "robind_commit_prec_2xsepbr": 99.11683971834348,
                    "robind_commit_rate_2x": 83.78999999999999,
                    "robind_commit_rate_2xsepbr": 83.78999999999999
                },
                "2_255": {
                    "adv_acc": 83.47,
                    "rob_inacc": 0.32,
                    "robind_commit_prec": 99.61809285117556,
                    "robind_commit_rate": 83.78999999999999
                },
                "info": {
                    "adv_attack": "apgd",
                    "adv_norm": "Linf",
                    "test_att_n_steps": 40,
                    "test_att_step_size": 0.1
                },
                "robind_commit_prec": 99.61809285117556,
                "robind_commit_prec_2x": 99.61809285117556,
                "robind_commit_prec_2xsepbr": 99.11683971834348,
                "robind_commit_rate": 83.78999999999999,
                "robind_commit_rate_2x": 83.78999999999999,
                "robind_commit_rate_2xsepbr": 83.78999999999999
            }
        }
    },
    "comp_acc": {
        "": {
            "2_255": {
                "comp_Gowal2020Uncovering_28_10_extra_autoaugment_mra2_255__Gowal2020Uncovering_28_10_extra_cifar10_trades2_255__aa_pyramidnet272200_cifar10_std": {
                    "rob": {
                        "branch_model": "models/mrevadv/cifar10/Linf/2_255/mra2_255_autoaugment__Gowal2020Uncovering_28_10_extra/mra2_255_autoaugment__Gowal2020Uncovering_28_10_extra__20210614_1552/Gowal2020Uncovering_28_10_extra_autoaugment_mra2_255.pt",
                        "comp_adv_acc": 89.8,
                        "comp_nat_acc": 97.21,
                        "trunk_model": [
                            "./models/adv/cifar10/Linf/Gowal2020Uncovering_28_10_extra_cifar10_trades2_255ft__20210529_1409/Gowal2020Uncovering_28_10_extra_cifar10_trades2_255.pt",
                            "./models/std/cifar10/aa_pyramidnet272200_cifar10_std__20210705_0115/aa_pyramidnet272200_cifar10_std.pt"
                        ]
                    }
                },
                "comp_Gowal2020Uncovering_28_10_extra_autoaugment_mra2_255__aa_pyramidnet272200_cifar10_std": {
                    "rob": {
                        "branch_model": "models/mrevadv/cifar10/Linf/2_255/mra2_255_autoaugment__Gowal2020Uncovering_28_10_extra/mra2_255_autoaugment__Gowal2020Uncovering_28_10_extra__20210614_1552/Gowal2020Uncovering_28_10_extra_autoaugment_mra2_255.pt",
                        "comp_adv_acc": 83.47,
                        "comp_nat_acc": 98.53,
                        "trunk_model": [
                            "./models/std/cifar10/aa_pyramidnet272200_cifar10_std__20210705_0115/aa_pyramidnet272200_cifar10_std.pt"
                        ]
                    }
                }
            }
        },
        "apgd": {
            "1_255": {
                "comp_Gowal2020Uncovering_28_10_extra_autoaugment_mra2_255__wrn4010_cifar10_std": {
                    "rob": {
                        "branch_model": "models/mrevadv/cifar10/Linf/2_255/mra2_255_autoaugment__Gowal2020Uncovering_28_10_extra/mra2_255_autoaugment__Gowal2020Uncovering_28_10_extra__20210614_1552/Gowal2020Uncovering_28_10_extra_autoaugment_mra2_255.pt",
                        "comp_adv_acc_2x": 83.65,
                        "comp_adv_acc_2xsepbr": 83.23,
                        "comp_nat_acc_2x": 97.95,
                        "comp_nat_acc_2xsepbr": 97.9,
                        "trunk_model": [
                            "./models/std/cifar10/wrn4010_cifar10_std__20210919_2248/wrn4010_cifar10_std.pt"
                        ]
                    }
                },
                "compd_Gowal2020Uncovering_28_10_extra_autoaugment_mra2_255__wrn4010_cifar10_std": {
                    "rob": {
                        "branch_model": "models/mrevadv/cifar10/Linf/2_255/mra2_255_autoaugment__Gowal2020Uncovering_28_10_extra/mra2_255_autoaugment__Gowal2020Uncovering_28_10_extra__20210614_1552/Gowal2020Uncovering_28_10_extra_autoaugment_mra2_255.pt",
                        "comp_adv_acc_2x": 83.65,
                        "comp_nat_acc_2x": 97.95,
                        "trunk_model": [
                            "./models/std/cifar10/wrn4010_cifar10_std__20210919_2248/wrn4010_cifar10_std.pt"
                        ]
                    }
                },
                "compdsepbr_Gowal2020Uncovering_28_10_extra_autoaugment_mra2_255__wrn4010_cifar10_std": {
                    "rob": {
                        "branch_model": "models/mrevadv/cifar10/Linf/2_255/mra2_255_autoaugment__Gowal2020Uncovering_28_10_extra/mra2_255_autoaugment__Gowal2020Uncovering_28_10_extra__20210614_1552/Gowal2020Uncovering_28_10_extra_autoaugment_mra2_255.pt",
                        "comp_adv_acc_2xsepbr": 83.23,
                        "comp_nat_acc_2xsepbr": 97.9,
                        "trunk_model": [
                            "./models/std/cifar10/wrn4010_cifar10_std__20210919_2248/wrn4010_cifar10_std.pt"
                        ]
                    }
                }
            },
            "2_255": {
                "comp_Gowal2020Uncovering_28_10_extra_autoaugment_mra2_255__Gowal2020Uncovering_28_10_extra_cifar10_trades2_255__aa_pyramidnet272200_cifar10_std": {
                    "rob": {
                        "branch_model": "models/mrevadv/cifar10/Linf/2_255/mra2_255_autoaugment__Gowal2020Uncovering_28_10_extra/mra2_255_autoaugment__Gowal2020Uncovering_28_10_extra__20210614_1552/Gowal2020Uncovering_28_10_extra_autoaugment_mra2_255.pt",
                        "comp_adv_acc": 89.8,
                        "comp_nat_acc": 97.21,
                        "trunk_model": [
                            "./models/adv/cifar10/Linf/Gowal2020Uncovering_28_10_extra_cifar10_trades2_255ft__20210529_1409/Gowal2020Uncovering_28_10_extra_cifar10_trades2_255.pt",
                            "./models/std/cifar10/aa_pyramidnet272200_cifar10_std__20210705_0115/aa_pyramidnet272200_cifar10_std.pt"
                        ]
                    }
                },
                "comp_Gowal2020Uncovering_28_10_extra_autoaugment_mra2_255__aa_pyramidnet272200_cifar10_std": {
                    "rob": {
                        "branch_model": "models/mrevadv/cifar10/Linf/2_255/mra2_255_autoaugment__Gowal2020Uncovering_28_10_extra/mra2_255_autoaugment__Gowal2020Uncovering_28_10_extra__20210614_1552/Gowal2020Uncovering_28_10_extra_autoaugment_mra2_255.pt",
                        "comp_adv_acc": 83.47,
                        "comp_nat_acc": 98.53,
                        "trunk_model": [
                            "./models/std/cifar10/aa_pyramidnet272200_cifar10_std__20210705_0115/aa_pyramidnet272200_cifar10_std.pt"
                        ]
                    }
                },
                "comp_Gowal2020Uncovering_28_10_extra_autoaugment_mra2_255__wrn4010_cifar10_std": {
                    "rob": {
                        "branch_model": "models/mrevadv/cifar10/Linf/2_255/mra2_255_autoaugment__Gowal2020Uncovering_28_10_extra/mra2_255_autoaugment__Gowal2020Uncovering_28_10_extra__20210614_1552/Gowal2020Uncovering_28_10_extra_autoaugment_mra2_255.pt",
                        "comp_adv_acc": 83.5,
                        "comp_nat_acc": 97.95,
                        "trunk_model": [
                            "./models/std/cifar10/wrn4010_cifar10_std__20210919_2248/wrn4010_cifar10_std.pt"
                        ]
                    }
                }
            }
        }
    },
    "info": {
        "dataset": "cifar10",
        "model": ""
    },
    "nat_acc": {
        "top1": 96.15,
        "top5": 99.96
    }
}