{
    "adv_acc": {
        "Linf": {
            "apgd": {
                "2_255": {
                    "adv_acc": 53.54,
                    "rob_inacc": 6.87,
                    "robind_commit_prec_2x": 95.42900919305413,
                    "robind_commit_prec_2xsepbr": 91.08784473953013,
                    "robind_commit_rate_2x": 39.160000000000004,
                    "robind_commit_rate_2xsepbr": 39.160000000000004
                },
                "4_255": {
                    "adv_acc": 37.37,
                    "rob_inacc": 1.79,
                    "robind_commit_prec": 95.42900919305413,
                    "robind_commit_rate": 39.160000000000004
                },
                "info": {
                    "adv_attack": "apgd",
                    "adv_norm": "Linf",
                    "test_att_n_steps": 40,
                    "test_att_step_size": 0.1
                }
            }
        }
    },
    "comp_acc": {
        "": {
            "4_255": {
                "comp_Rebuffi2021Fixing_28_10_cutmix_ddpm_mra4_255__Rebuffi2021Fixing_28_10_cutmix_ddpm_cifar100_trades4_255__wrn2810_cifar100_std": {
                    "rob": {
                        "branch_model": "models/mrevadv/cifar100/Linf/4_255/mra4_255__Rebuffi2021Fixing_28_10_cutmix_ddpm/mra4_255__Rebuffi2021Fixing_28_10_cutmix_ddpm__20210630_0821/Rebuffi2021Fixing_28_10_cutmix_ddpm_mra4_255.pt",
                        "comp_adv_acc": 46.58,
                        "comp_nat_acc": 79.26,
                        "trunk_model": [
                            "./models/adv/cifar100/Linf/Rebuffi2021Fixing_28_10_cutmix_ddpm_cifar100_trades4_255ft__20210705_2313/Rebuffi2021Fixing_28_10_cutmix_ddpm_cifar100_trades4_255.pt",
                            "./models/std/cifar100/wrn2810_cifar100_std__20210503_1059/wrn2810_cifar100_std.pt"
                        ]
                    }
                },
                "comp_Rebuffi2021Fixing_28_10_cutmix_ddpm_mra4_255__wrn2810_cifar100_std": {
                    "rob": {
                        "branch_model": "models/mrevadv/cifar100/Linf/4_255/mra4_255__Rebuffi2021Fixing_28_10_cutmix_ddpm/mra4_255__Rebuffi2021Fixing_28_10_cutmix_ddpm__20210630_0821/Rebuffi2021Fixing_28_10_cutmix_ddpm_mra4_255.pt",
                        "comp_adv_acc": 37.37,
                        "comp_nat_acc": 80.27,
                        "trunk_model": [
                            "./models/std/cifar100/wrn2810_cifar100_std__20210503_1059/wrn2810_cifar100_std.pt"
                        ]
                    }
                }
            }
        },
        "apgd": {
            "2_255": {
                "comp_Rebuffi2021Fixing_28_10_cutmix_ddpm_mra4_255__wrn2810_cifar100_std": {
                    "rob": {
                        "branch_model": "models/mrevadv/cifar100/Linf/4_255/mra4_255__Rebuffi2021Fixing_28_10_cutmix_ddpm/mra4_255__Rebuffi2021Fixing_28_10_cutmix_ddpm__20210630_0821/Rebuffi2021Fixing_28_10_cutmix_ddpm_mra4_255.pt",
                        "comp_adv_acc_2x": 37.48,
                        "comp_adv_acc_2xsepbr": 35.78,
                        "comp_nat_acc_2x": 80.27,
                        "comp_nat_acc_2xsepbr": 79.83,
                        "trunk_model": [
                            "./models/std/cifar100/wrn2810_cifar100_std__20210503_1059/wrn2810_cifar100_std.pt"
                        ]
                    }
                }
            },
            "4_255": {
                "comp_Rebuffi2021Fixing_28_10_cutmix_ddpm_mra4_255__Rebuffi2021Fixing_28_10_cutmix_ddpm_cifar100_trades4_255__wrn2810_cifar100_std": {
                    "rob": {
                        "branch_model": "models/mrevadv/cifar100/Linf/4_255/mra4_255__Rebuffi2021Fixing_28_10_cutmix_ddpm/mra4_255__Rebuffi2021Fixing_28_10_cutmix_ddpm__20210630_0821/Rebuffi2021Fixing_28_10_cutmix_ddpm_mra4_255.pt",
                        "comp_adv_acc": 45.96,
                        "comp_nat_acc": 78.64,
                        "trunk_model": [
                            "./models/adv/cifar100/Linf/Rebuffi2021Fixing_28_10_cutmix_ddpm_cifar100_trades4_255ft__20210705_2313/Rebuffi2021Fixing_28_10_cutmix_ddpm_cifar100_trades4_255.pt",
                            "./models/std/cifar100/wrn2810_cifar100_std__20210503_1059/wrn2810_cifar100_std.pt"
                        ]
                    }
                },
                "comp_Rebuffi2021Fixing_28_10_cutmix_ddpm_mra4_255__wrn2810_cifar100_std": {
                    "rob": {
                        "branch_model": "models/mrevadv/cifar100/Linf/4_255/mra4_255__Rebuffi2021Fixing_28_10_cutmix_ddpm/mra4_255__Rebuffi2021Fixing_28_10_cutmix_ddpm__20210630_0821/Rebuffi2021Fixing_28_10_cutmix_ddpm_mra4_255.pt",
                        "comp_adv_acc": 37.37,
                        "comp_nat_acc": 80.27,
                        "trunk_model": [
                            "./models/std/cifar100/wrn2810_cifar100_std__20210503_1059/wrn2810_cifar100_std.pt"
                        ]
                    }
                }
            }
        }
    },
    "info": {
        "dataset": "cifar100",
        "model": ""
    },
    "nat_acc": {
        "top1": 69.89,
        "top5": 90.05
    }
}