{
    "adv_acc": {
        "Linf": {
            "apgd": {
                "1_255": {
                    "adv_acc": 80.17,
                    "rob_inacc": 1.39,
                    "robind_commit_prec_2x": 99.38044974759063,
                    "robind_commit_prec_2xsepbr": 99.1968793024323,
                    "robind_commit_rate_2x": 58.20755977026847,
                    "robind_commit_rate_2xsepbr": 58.20755977026847
                },
                "2_255": {
                    "adv_acc": 57.85,
                    "rob_inacc": 0.36,
                    "robind_commit_prec": 99.38044974759063,
                    "robind_commit_rate": 58.20755977026847
                },
                "info": {
                    "adv_attack": "apgd",
                    "adv_norm": "Linf",
                    "test_att_n_steps": 40,
                    "test_att_step_size": 0.1
                },
                "robind_commit_prec": 99.38044974759063,
                "robind_commit_prec_2x": 99.38044974759063,
                "robind_commit_prec_2xsepbr": 99.1968793024323,
                "robind_commit_rate": 58.20755977026847,
                "robind_commit_rate_2x": 58.20755977026847,
                "robind_commit_rate_2xsepbr": 58.20755977026847
            }
        }
    },
    "comp_acc": {
        "": {
            "2_255": {
                "comp_resnet50_mtsd_l_trades8_255_stdaug_mra2_255__resnet50_mtsd_l_std": {
                    "rob": {
                        "branch_model": "models/mrevadv/mtsd_l/Linf/2_255/mra2_255_stdaug__resnet50_mtsd_l_trades8_255/mra2_255_stdaug__resnet50_mtsd_l_trades8_255__20210715_1328/resnet50_mtsd_l_trades8_255_stdaug_mra2_255.pt",
                        "comp_adv_acc": 62.19,
                        "comp_nat_acc": 93.96,
                        "trunk_model": [
                            "./models/std/mtsd_l/resnet50_mtsd_l_std__20210516_0140/resnet50_mtsd_l_std.pt"
                        ]
                    }
                },
                "comp_resnet50_mtsd_l_trades8_255_stdaug_mra2_255__resnet50_mtsd_l_trades2_255__resnet50_mtsd_l_std": {
                    "rob": {
                        "branch_model": "models/mrevadv/mtsd_l/Linf/2_255/mra2_255_stdaug__resnet50_mtsd_l_trades8_255/mra2_255_stdaug__resnet50_mtsd_l_trades8_255__20210715_1328/resnet50_mtsd_l_trades8_255_stdaug_mra2_255.pt",
                        "comp_adv_acc": 87.14,
                        "comp_nat_acc": 94.06,
                        "trunk_model": [
                            "./models/adv/mtsd_l/Linf/resnet50_mtsd_l_trades2_255ft__20210526_1406/resnet50_mtsd_l_trades2_255.pt",
                            "./models/std/mtsd_l/resnet50_mtsd_l_std__20210516_0140/resnet50_mtsd_l_std.pt"
                        ]
                    }
                }
            }
        },
        "apgd": {
            "1_255": {
                "comp_resnet50_mtsd_l_trades8_255_stdaug_mra2_255__resnet50_mtsd_l_std": {
                    "rob": {
                        "branch_model": "models/mrevadv/mtsd_l/Linf/2_255/mra2_255_stdaug__resnet50_mtsd_l_trades8_255/mra2_255_stdaug__resnet50_mtsd_l_trades8_255__20210715_1328/resnet50_mtsd_l_trades8_255_stdaug_mra2_255.pt",
                        "comp_adv_acc_2x": 77.55,
                        "comp_adv_acc_2xsepbr": 77.44,
                        "comp_nat_acc_2x": 93.96,
                        "comp_nat_acc_2xsepbr": 93.94,
                        "trunk_model": [
                            "./models/std/mtsd_l/resnet50_mtsd_l_std__20210516_0140/resnet50_mtsd_l_std.pt"
                        ]
                    }
                },
                "compd_resnet50_mtsd_l_trades8_255_stdaug_mra2_255__resnet50_mtsd_l_std": {
                    "rob": {
                        "branch_model": "models/mrevadv/mtsd_l/Linf/2_255/mra2_255_stdaug__resnet50_mtsd_l_trades8_255/mra2_255_stdaug__resnet50_mtsd_l_trades8_255__20210715_1328/resnet50_mtsd_l_trades8_255_stdaug_mra2_255.pt",
                        "comp_adv_acc_2x": 77.55,
                        "comp_nat_acc_2x": 93.96,
                        "trunk_model": [
                            "./models/std/mtsd_l/resnet50_mtsd_l_std__20210516_0140/resnet50_mtsd_l_std.pt"
                        ]
                    }
                },
                "compdsepbr_resnet50_mtsd_l_trades8_255_stdaug_mra2_255__resnet50_mtsd_l_std": {
                    "rob": {
                        "branch_model": "models/mrevadv/mtsd_l/Linf/2_255/mra2_255_stdaug__resnet50_mtsd_l_trades8_255/mra2_255_stdaug__resnet50_mtsd_l_trades8_255__20210715_1328/resnet50_mtsd_l_trades8_255_stdaug_mra2_255.pt",
                        "comp_adv_acc_2xsepbr": 77.44,
                        "comp_nat_acc_2xsepbr": 93.94,
                        "trunk_model": [
                            "./models/std/mtsd_l/resnet50_mtsd_l_std__20210516_0140/resnet50_mtsd_l_std.pt"
                        ]
                    }
                }
            },
            "2_255": {
                "comp_resnet50_mtsd_l_trades8_255_stdaug_mra2_255__resnet50_mtsd_l_std": {
                    "rob": {
                        "branch_model": "models/mrevadv/mtsd_l/Linf/2_255/mra2_255_stdaug__resnet50_mtsd_l_trades8_255/mra2_255_stdaug__resnet50_mtsd_l_trades8_255__20210715_1328/resnet50_mtsd_l_trades8_255_stdaug_mra2_255.pt",
                        "comp_adv_acc": 62.19,
                        "comp_nat_acc": 93.96,
                        "trunk_model": [
                            "./models/std/mtsd_l/resnet50_mtsd_l_std__20210516_0140/resnet50_mtsd_l_std.pt"
                        ]
                    }
                },
                "comp_resnet50_mtsd_l_trades8_255_stdaug_mra2_255__resnet50_mtsd_l_trades2_255__resnet50_mtsd_l_std": {
                    "rob": {
                        "branch_model": "models/mrevadv/mtsd_l/Linf/2_255/mra2_255_stdaug__resnet50_mtsd_l_trades8_255/mra2_255_stdaug__resnet50_mtsd_l_trades8_255__20210715_1328/resnet50_mtsd_l_trades8_255_stdaug_mra2_255.pt",
                        "comp_adv_acc": 87.14,
                        "comp_nat_acc": 94.06,
                        "trunk_model": [
                            "./models/adv/mtsd_l/Linf/resnet50_mtsd_l_trades2_255ft__20210526_1406/resnet50_mtsd_l_trades2_255.pt",
                            "./models/std/mtsd_l/resnet50_mtsd_l_std__20210516_0140/resnet50_mtsd_l_std.pt"
                        ]
                    }
                }
            }
        }
    },
    "info": {
        "dataset": "mtsd_l",
        "model": ""
    },
    "nat_acc": {
        "top1": 93.15,
        "top5": 98.89
    }
}