{
    "adv_acc": {
        "Linf": {
            "apgd": {
                "1_255": {
                    "adv_acc": 78.15,
                    "rob_inacc": 1.58,
                    "robind_commit_prec_2x": 99.31828866948753,
                    "robind_commit_prec_2xsepbr": 99.22425952045133,
                    "robind_commit_rate_2x": 56.8184853746494,
                    "robind_commit_rate_2xsepbr": 56.8184853746494
                },
                "2_255": {
                    "adv_acc": 56.43,
                    "rob_inacc": 0.39,
                    "robind_commit_prec": 99.31828866948753,
                    "robind_commit_rate": 56.8184853746494
                },
                "info": {
                    "adv_attack": "apgd",
                    "adv_norm": "Linf",
                    "test_att_n_steps": 40,
                    "test_att_step_size": 0.1
                },
                "robind_commit_prec": 99.31828866948753,
                "robind_commit_prec_2x": 99.31828866948753,
                "robind_commit_prec_2xsepbr": 99.22425952045133,
                "robind_commit_rate": 56.8184853746494,
                "robind_commit_rate_2x": 56.8184853746494,
                "robind_commit_rate_2xsepbr": 56.8184853746494
            }
        }
    },
    "comp_acc": {
        "": {
            "2_255": {
                "comp_resnet50_mtsd_l_trades8_255_mra2_255__resnet50_mtsd_l_std": {
                    "rob": {
                        "branch_model": "models/mrevadv/mtsd_l/Linf/2_255/mra2_255__resnet50_mtsd_l_trades8_255/mra2_255__resnet50_mtsd_l_trades8_255__20210710_0008/resnet50_mtsd_l_trades8_255_mra2_255.pt",
                        "comp_adv_acc": 61.17,
                        "comp_nat_acc": 94.03,
                        "trunk_model": [
                            "./models/std/mtsd_l/resnet50_mtsd_l_std__20210516_0140/resnet50_mtsd_l_std.pt"
                        ]
                    }
                },
                "comp_resnet50_mtsd_l_trades8_255_mra2_255__resnet50_mtsd_l_trades2_255__resnet50_mtsd_l_std": {
                    "rob": {
                        "branch_model": "models/mrevadv/mtsd_l/Linf/2_255/mra2_255__resnet50_mtsd_l_trades8_255/mra2_255__resnet50_mtsd_l_trades8_255__20210710_0008/resnet50_mtsd_l_trades8_255_mra2_255.pt",
                        "comp_adv_acc": 87.19,
                        "comp_nat_acc": 94.07,
                        "trunk_model": [
                            "./models/adv/mtsd_l/Linf/resnet50_mtsd_l_trades2_255ft__20210526_1406/resnet50_mtsd_l_trades2_255.pt",
                            "./models/std/mtsd_l/resnet50_mtsd_l_std__20210516_0140/resnet50_mtsd_l_std.pt"
                        ]
                    }
                }
            }
        },
        "apgd": {
            "1_255": {
                "comp_resnet50_mtsd_l_trades8_255_mra2_255__resnet50_mtsd_l_std": {
                    "rob": {
                        "branch_model": "models/mrevadv/mtsd_l/Linf/2_255/mra2_255__resnet50_mtsd_l_trades8_255/mra2_255__resnet50_mtsd_l_trades8_255__20210710_0008/resnet50_mtsd_l_trades8_255_mra2_255.pt",
                        "comp_adv_acc_2x": 77.68,
                        "comp_adv_acc_2xsepbr": 77.63,
                        "comp_nat_acc_2x": 94.03,
                        "comp_nat_acc_2xsepbr": 94.0,
                        "trunk_model": [
                            "./models/std/mtsd_l/resnet50_mtsd_l_std__20210516_0140/resnet50_mtsd_l_std.pt"
                        ]
                    }
                },
                "compd_resnet50_mtsd_l_trades8_255_mra2_255__resnet50_mtsd_l_std": {
                    "rob": {
                        "branch_model": "models/mrevadv/mtsd_l/Linf/2_255/mra2_255__resnet50_mtsd_l_trades8_255/mra2_255__resnet50_mtsd_l_trades8_255__20210710_0008/resnet50_mtsd_l_trades8_255_mra2_255.pt",
                        "comp_adv_acc_2x": 77.68,
                        "comp_nat_acc_2x": 94.03,
                        "trunk_model": [
                            "./models/std/mtsd_l/resnet50_mtsd_l_std__20210516_0140/resnet50_mtsd_l_std.pt"
                        ]
                    }
                },
                "compdsepbr_resnet50_mtsd_l_trades8_255_mra2_255__resnet50_mtsd_l_std": {
                    "rob": {
                        "branch_model": "models/mrevadv/mtsd_l/Linf/2_255/mra2_255__resnet50_mtsd_l_trades8_255/mra2_255__resnet50_mtsd_l_trades8_255__20210710_0008/resnet50_mtsd_l_trades8_255_mra2_255.pt",
                        "comp_adv_acc_2xsepbr": 77.63,
                        "comp_nat_acc_2xsepbr": 94.0,
                        "trunk_model": [
                            "./models/std/mtsd_l/resnet50_mtsd_l_std__20210516_0140/resnet50_mtsd_l_std.pt"
                        ]
                    }
                }
            },
            "2_255": {
                "comp_resnet50_mtsd_l_trades8_255_mra2_255__resnet50_mtsd_l_std": {
                    "rob": {
                        "branch_model": "models/mrevadv/mtsd_l/Linf/2_255/mra2_255__resnet50_mtsd_l_trades8_255/mra2_255__resnet50_mtsd_l_trades8_255__20210710_0008/resnet50_mtsd_l_trades8_255_mra2_255.pt",
                        "comp_adv_acc": 61.17,
                        "comp_nat_acc": 94.03,
                        "trunk_model": [
                            "./models/std/mtsd_l/resnet50_mtsd_l_std__20210516_0140/resnet50_mtsd_l_std.pt"
                        ]
                    }
                },
                "comp_resnet50_mtsd_l_trades8_255_mra2_255__resnet50_mtsd_l_trades2_255__resnet50_mtsd_l_std": {
                    "rob": {
                        "branch_model": "models/mrevadv/mtsd_l/Linf/2_255/mra2_255__resnet50_mtsd_l_trades8_255/mra2_255__resnet50_mtsd_l_trades8_255__20210710_0008/resnet50_mtsd_l_trades8_255_mra2_255.pt",
                        "comp_adv_acc": 87.19,
                        "comp_nat_acc": 94.07,
                        "trunk_model": [
                            "./models/adv/mtsd_l/Linf/resnet50_mtsd_l_trades2_255ft__20210526_1406/resnet50_mtsd_l_trades2_255.pt",
                            "./models/std/mtsd_l/resnet50_mtsd_l_std__20210516_0140/resnet50_mtsd_l_std.pt"
                        ]
                    }
                }
            }
        }
    },
    "info": {
        "dataset": "mtsd_l",
        "model": ""
    },
    "nat_acc": {
        "top1": 92.39,
        "top5": 98.89
    }
}