{
    "adv_acc": {
        "Linf": {
            "apgd": {
                "2_255": {
                    "adv_acc": 78.46,
                    "rob_inacc": 4.12,
                    "robind_commit_prec_2x": 92.38521836506159,
                    "robind_commit_prec_2xsepbr": 97.31243001119822,
                    "robind_commit_rate_2x": 58.38509316770186,
                    "robind_commit_rate_2xsepbr": 58.38509316770186
                },
                "4_255": {
                    "adv_acc": 56.13,
                    "rob_inacc": 2.26,
                    "robind_commit_prec": 96.13661814109743,
                    "robind_commit_rate": 58.38509316770186
                },
                "info": {
                    "adv_attack": "apgd",
                    "adv_norm": "Linf",
                    "test_att_n_steps": 40,
                    "test_att_step_size": 0.1
                },
                "robind_commit_prec": 96.13661814109743,
                "robind_commit_prec_2x": 92.38521836506159,
                "robind_commit_prec_2xsepbr": 97.31243001119822,
                "robind_commit_rate": 58.38509316770186,
                "robind_commit_rate_2x": 58.38509316770186,
                "robind_commit_rate_2xsepbr": 58.38509316770186
            }
        }
    },
    "comp_acc": {
        "": {
            "4_255": {
                "comp_resnet50_sbb_l_trades8_255_stdaug_mra4_255__resnet50_sbb_l_trades4_255__resnet50_sbb_l_wstd": {
                    "rob": {
                        "branch_model": "models/mrevadv/sbb_l/Linf/4_255/mra4_255_stdaug__resnet50_sbb_l_trades8_255/mra4_255_stdaug__resnet50_sbb_l_trades8_255__20210710_2344/resnet50_sbb_l_trades8_255_stdaug_mra4_255.pt",
                        "comp_adv_acc": 84.64,
                        "comp_nat_acc": 90.85,
                        "trunk_model": [
                            "./models/adv/sbb_l/Linf/resnet50_sbb_l_trades4_255ft__20210710_0058/resnet50_sbb_l_trades4_255.pt",
                            "./models/std/sbb_l/resnet50_sbb_l_wstd__20210810_0037/resnet50_sbb_l_wstd.pt"
                        ]
                    }
                },
                "comp_resnet50_sbb_l_trades8_255_stdaug_mra4_255__resnet50_sbb_l_wstd": {
                    "rob": {
                        "branch_model": "models/mrevadv/sbb_l/Linf/4_255/mra4_255_stdaug__resnet50_sbb_l_trades8_255/mra4_255_stdaug__resnet50_sbb_l_trades8_255__20210710_2344/resnet50_sbb_l_trades8_255_stdaug_mra4_255.pt",
                        "comp_adv_acc": 58.35,
                        "comp_nat_acc": 92.09,
                        "trunk_model": [
                            "./models/std/sbb_l/resnet50_sbb_l_wstd__20210810_0037/resnet50_sbb_l_wstd.pt"
                        ]
                    }
                }
            }
        },
        "apgd": {
            "2_255": {
                "comp_resnet50_sbb_l_trades8_255_stdaug_mra4_255__resnet50_sbb_l_wstd": {
                    "rob": {
                        "branch_model": "models/mrevadv/sbb_l/Linf/4_255/mra4_255_stdaug__resnet50_sbb_l_trades8_255/mra4_255_stdaug__resnet50_sbb_l_trades8_255__20210710_2344/resnet50_sbb_l_trades8_255_stdaug_mra4_255.pt",
                        "comp_adv_acc_2x": 66.56,
                        "comp_adv_acc_2xsepbr": 69.43,
                        "comp_nat_acc_2x": 91.3,
                        "comp_nat_acc_2xsepbr": 92.02,
                        "trunk_model": [
                            "./models/std/sbb_l/resnet50_sbb_l_wstd__20210810_0037/resnet50_sbb_l_wstd.pt"
                        ]
                    }
                },
                "compd_resnet50_sbb_l_trades8_255_stdaug_mra4_255__resnet50_sbb_l_wstd": {
                    "rob": {
                        "branch_model": "models/mrevadv/sbb_l/Linf/4_255/mra4_255_stdaug__resnet50_sbb_l_trades8_255/mra4_255_stdaug__resnet50_sbb_l_trades8_255__20210710_2344/resnet50_sbb_l_trades8_255_stdaug_mra4_255.pt",
                        "comp_adv_acc_2x": 66.56,
                        "comp_nat_acc_2x": 91.3,
                        "trunk_model": [
                            "./models/std/sbb_l/resnet50_sbb_l_wstd__20210810_0037/resnet50_sbb_l_wstd.pt"
                        ]
                    }
                },
                "compdsepbr_resnet50_sbb_l_trades8_255_stdaug_mra4_255__resnet50_sbb_l_wstd": {
                    "rob": {
                        "branch_model": "models/mrevadv/sbb_l/Linf/4_255/mra4_255_stdaug__resnet50_sbb_l_trades8_255/mra4_255_stdaug__resnet50_sbb_l_trades8_255__20210710_2344/resnet50_sbb_l_trades8_255_stdaug_mra4_255.pt",
                        "comp_adv_acc_2xsepbr": 69.43,
                        "comp_nat_acc_2xsepbr": 92.02,
                        "trunk_model": [
                            "./models/std/sbb_l/resnet50_sbb_l_wstd__20210810_0037/resnet50_sbb_l_wstd.pt"
                        ]
                    }
                }
            },
            "4_255": {
                "comp_resnet50_sbb_l_trades8_255_stdaug_mra4_255__resnet50_sbb_l_trades4_255__resnet50_sbb_l_wstd": {
                    "rob": {
                        "branch_model": "models/mrevadv/sbb_l/Linf/4_255/mra4_255_stdaug__resnet50_sbb_l_trades8_255/mra4_255_stdaug__resnet50_sbb_l_trades8_255__20210710_2344/resnet50_sbb_l_trades8_255_stdaug_mra4_255.pt",
                        "comp_adv_acc": 83.85,
                        "comp_nat_acc": 90.06,
                        "trunk_model": [
                            "./models/adv/sbb_l/Linf/resnet50_sbb_l_trades4_255ft__20210710_0058/resnet50_sbb_l_trades4_255.pt",
                            "./models/std/sbb_l/resnet50_sbb_l_wstd__20210810_0037/resnet50_sbb_l_wstd.pt"
                        ]
                    }
                },
                "comp_resnet50_sbb_l_trades8_255_stdaug_mra4_255__resnet50_sbb_l_wstd": {
                    "rob": {
                        "branch_model": "models/mrevadv/sbb_l/Linf/4_255/mra4_255_stdaug__resnet50_sbb_l_trades8_255/mra4_255_stdaug__resnet50_sbb_l_trades8_255__20210710_2344/resnet50_sbb_l_trades8_255_stdaug_mra4_255.pt",
                        "comp_adv_acc": 57.57,
                        "comp_nat_acc": 91.3,
                        "trunk_model": [
                            "./models/std/sbb_l/resnet50_sbb_l_wstd__20210810_0037/resnet50_sbb_l_wstd.pt"
                        ]
                    }
                }
            }
        }
    },
    "info": {
        "dataset": "sbb_l",
        "model": ""
    },
    "nat_acc": {
        "top1": 89.54,
        "top5": 100.0
    },
    "per_class": {
        "adv_acc": {
            "Linf": {
                "apgd": {
                    "2_255": {
                        "joint": {
                            "adv_acc": 86.54,
                            "rob_inacc": 4.81
                        },
                        "nodefect": {
                            "adv_acc": 84.55,
                            "rob_inacc": 1.85
                        },
                        "squat": {
                            "adv_acc": 0.0,
                            "rob_inacc": 47.76
                        },
                        "surface_defect": {
                            "adv_acc": 81.64,
                            "rob_inacc": 1.67
                        },
                        "welding": {
                            "adv_acc": 69.63,
                            "rob_inacc": 4.44
                        }
                    }
                }
            }
        },
        "nat_acc": {
            "joint": 91.35,
            "nodefect": 94.68,
            "squat": 0.0,
            "surface_defect": 94.07,
            "welding": 87.41
        }
    }
}