{
    "adv_acc": {
        "Linf": {
            "apgd": {
                "1_255": {
                    "adv_acc": 85.45,
                    "rob_inacc": 4.15,
                    "robind_commit_prec_2x": 94.28571428571429,
                    "robind_commit_prec_2xsepbr": 97.4327122153209,
                    "robind_commit_rate_2x": 78.94736842105263,
                    "robind_commit_rate_2xsepbr": 78.94736842105263
                },
                "2_255": {
                    "adv_acc": 76.33,
                    "rob_inacc": 2.62,
                    "robind_commit_prec": 96.68737060041408,
                    "robind_commit_rate": 78.94736842105263
                },
                "info": {
                    "adv_attack": "apgd",
                    "adv_norm": "Linf",
                    "test_att_n_steps": 40,
                    "test_att_step_size": 0.1
                },
                "robind_commit_prec": 96.68737060041408,
                "robind_commit_prec_2x": 94.28571428571429,
                "robind_commit_prec_2xsepbr": 97.4327122153209,
                "robind_commit_rate": 78.94736842105263,
                "robind_commit_rate_2x": 78.94736842105263,
                "robind_commit_rate_2xsepbr": 78.94736842105263
            }
        }
    },
    "comp_acc": {
        "": {
            "2_255": {
                "comp_resnet50_sbb_l_trades8_255_mra2_255__resnet50_sbb_l_trades2_255__resnet50_sbb_l_wstd": {
                    "rob": {
                        "branch_model": "models/mrevadv/sbb_l/Linf/2_255/mra2_255__resnet50_sbb_l_trades8_255/mra2_255__resnet50_sbb_l_trades8_255__20210627_0736/resnet50_sbb_l_trades8_255_mra2_255.pt",
                        "comp_adv_acc": 88.85,
                        "comp_nat_acc": 91.73,
                        "trunk_model": [
                            "./models/adv/sbb_l/Linf/resnet50_sbb_l_trades2_255ft__20210627_2226/resnet50_sbb_l_trades2_255.pt",
                            "./models/std/sbb_l/resnet50_sbb_l_wstd__20210810_0037/resnet50_sbb_l_wstd.pt"
                        ]
                    }
                },
                "comp_resnet50_sbb_l_trades8_255_mra2_255__resnet50_sbb_l_wstd": {
                    "rob": {
                        "branch_model": "models/mrevadv/sbb_l/Linf/2_255/mra2_255__resnet50_sbb_l_trades8_255/mra2_255__resnet50_sbb_l_trades8_255__20210627_0736/resnet50_sbb_l_trades8_255_mra2_255.pt",
                        "comp_adv_acc": 80.94,
                        "comp_nat_acc": 92.97,
                        "trunk_model": [
                            "./models/std/sbb_l/resnet50_sbb_l_wstd__20210810_0037/resnet50_sbb_l_wstd.pt"
                        ]
                    }
                }
            }
        },
        "apgd": {
            "1_255": {
                "comp_resnet50_sbb_l_trades8_255_mra2_255__resnet50_sbb_l_wstd": {
                    "rob": {
                        "branch_model": "models/mrevadv/sbb_l/Linf/2_255/mra2_255__resnet50_sbb_l_trades8_255/mra2_255__resnet50_sbb_l_trades8_255__20210627_0736/resnet50_sbb_l_trades8_255_mra2_255.pt",
                        "comp_adv_acc_2x": 83.85,
                        "comp_adv_acc_2xsepbr": 86.34,
                        "comp_nat_acc_2x": 92.09,
                        "comp_nat_acc_2xsepbr": 92.78,
                        "trunk_model": [
                            "./models/std/sbb_l/resnet50_sbb_l_wstd__20210810_0037/resnet50_sbb_l_wstd.pt"
                        ]
                    }
                },
                "compd_resnet50_sbb_l_trades8_255_mra2_255__resnet50_sbb_l_wstd": {
                    "rob": {
                        "branch_model": "models/mrevadv/sbb_l/Linf/2_255/mra2_255__resnet50_sbb_l_trades8_255/mra2_255__resnet50_sbb_l_trades8_255__20210627_0736/resnet50_sbb_l_trades8_255_mra2_255.pt",
                        "comp_adv_acc_2x": 83.85,
                        "comp_nat_acc_2x": 92.09,
                        "trunk_model": [
                            "./models/std/sbb_l/resnet50_sbb_l_wstd__20210810_0037/resnet50_sbb_l_wstd.pt"
                        ]
                    }
                },
                "compdsepbr_resnet50_sbb_l_trades8_255_mra2_255__resnet50_sbb_l_wstd": {
                    "rob": {
                        "branch_model": "models/mrevadv/sbb_l/Linf/2_255/mra2_255__resnet50_sbb_l_trades8_255/mra2_255__resnet50_sbb_l_trades8_255__20210627_0736/resnet50_sbb_l_trades8_255_mra2_255.pt",
                        "comp_adv_acc_2xsepbr": 86.34,
                        "comp_nat_acc_2xsepbr": 92.78,
                        "trunk_model": [
                            "./models/std/sbb_l/resnet50_sbb_l_wstd__20210810_0037/resnet50_sbb_l_wstd.pt"
                        ]
                    }
                }
            },
            "2_255": {
                "comp_resnet50_sbb_l_trades8_255_mra2_255__resnet50_sbb_l_trades2_255__resnet50_sbb_l_wstd": {
                    "rob": {
                        "branch_model": "models/mrevadv/sbb_l/Linf/2_255/mra2_255__resnet50_sbb_l_trades8_255/mra2_255__resnet50_sbb_l_trades8_255__20210627_0736/resnet50_sbb_l_trades8_255_mra2_255.pt",
                        "comp_adv_acc": 87.97,
                        "comp_nat_acc": 90.85,
                        "trunk_model": [
                            "./models/adv/sbb_l/Linf/resnet50_sbb_l_trades2_255ft__20210627_2226/resnet50_sbb_l_trades2_255.pt",
                            "./models/std/sbb_l/resnet50_sbb_l_wstd__20210810_0037/resnet50_sbb_l_wstd.pt"
                        ]
                    }
                },
                "comp_resnet50_sbb_l_trades8_255_mra2_255__resnet50_sbb_l_wstd": {
                    "rob": {
                        "branch_model": "models/mrevadv/sbb_l/Linf/2_255/mra2_255__resnet50_sbb_l_trades8_255/mra2_255__resnet50_sbb_l_trades8_255__20210627_0736/resnet50_sbb_l_trades8_255_mra2_255.pt",
                        "comp_adv_acc": 80.06,
                        "comp_nat_acc": 92.09,
                        "trunk_model": [
                            "./models/std/sbb_l/resnet50_sbb_l_wstd__20210810_0037/resnet50_sbb_l_wstd.pt"
                        ]
                    }
                }
            }
        }
    },
    "info": {
        "dataset": "sbb_l",
        "model": ""
    },
    "nat_acc": {
        "top1": 91.17,
        "top5": 100.0
    },
    "per_class": {
        "adv_acc": {
            "Linf": {
                "apgd": {
                    "1_255": {
                        "joint": {
                            "adv_acc": 90.38,
                            "rob_inacc": 5.77
                        },
                        "nodefect": {
                            "adv_acc": 92.46,
                            "rob_inacc": 2.0
                        },
                        "squat": {
                            "adv_acc": 17.91,
                            "rob_inacc": 27.61
                        },
                        "surface_defect": {
                            "adv_acc": 86.23,
                            "rob_inacc": 3.26
                        },
                        "welding": {
                            "adv_acc": 78.52,
                            "rob_inacc": 6.67
                        }
                    }
                }
            }
        },
        "nat_acc": {
            "joint": 92.31,
            "nodefect": 96.23,
            "squat": 41.04,
            "surface_defect": 92.15,
            "welding": 85.93
        }
    }
}