{
    "adv_acc": {
        "Linf": {
            "apgd": {
                "1_255": {
                    "adv_acc": 85.06,
                    "rob_inacc": 4.51,
                    "robind_commit_prec_2x": 93.89053882053457,
                    "robind_commit_prec_2xsepbr": 97.03012303775986,
                    "robind_commit_rate_2x": 77.05132396207911,
                    "robind_commit_rate_2xsepbr": 77.05132396207911
                },
                "2_255": {
                    "adv_acc": 73.88,
                    "rob_inacc": 3.17,
                    "robind_commit_prec": 95.8845990666101,
                    "robind_commit_rate": 77.05132396207911
                },
                "info": {
                    "adv_attack": "apgd",
                    "adv_norm": "Linf",
                    "test_att_n_steps": 40,
                    "test_att_step_size": 0.1
                },
                "robind_commit_prec": 95.8845990666101,
                "robind_commit_prec_2x": 93.89053882053457,
                "robind_commit_prec_2xsepbr": 97.03012303775986,
                "robind_commit_rate": 77.05132396207911,
                "robind_commit_rate_2x": 77.05132396207911,
                "robind_commit_rate_2xsepbr": 77.05132396207911
            }
        }
    },
    "comp_acc": {
        "": {
            "2_255": {
                "comp_resnet50_sbb_l_trades8_255_stdaug_mra2_255__resnet50_sbb_l_trades2_255__resnet50_sbb_l_wstd": {
                    "rob": {
                        "branch_model": "models/mrevadv/sbb_l/Linf/2_255/mra2_255_stdaug__resnet50_sbb_l_trades8_255/mra2_255_stdaug__resnet50_sbb_l_trades8_255__20210627_1620/resnet50_sbb_l_trades8_255_stdaug_mra2_255.pt",
                        "comp_adv_acc": 88.92,
                        "comp_nat_acc": 91.79,
                        "trunk_model": [
                            "./models/adv/sbb_l/Linf/resnet50_sbb_l_trades2_255ft__20210627_2226/resnet50_sbb_l_trades2_255.pt",
                            "./models/std/sbb_l/resnet50_sbb_l_wstd__20210810_0037/resnet50_sbb_l_wstd.pt"
                        ]
                    }
                },
                "comp_resnet50_sbb_l_trades8_255_stdaug_mra2_255__resnet50_sbb_l_wstd": {
                    "rob": {
                        "branch_model": "models/mrevadv/sbb_l/Linf/2_255/mra2_255_stdaug__resnet50_sbb_l_trades8_255/mra2_255_stdaug__resnet50_sbb_l_trades8_255__20210627_1620/resnet50_sbb_l_trades8_255_stdaug_mra2_255.pt",
                        "comp_adv_acc": 80.03,
                        "comp_nat_acc": 92.84,
                        "trunk_model": [
                            "./models/std/sbb_l/resnet50_sbb_l_wstd__20210810_0037/resnet50_sbb_l_wstd.pt"
                        ]
                    }
                }
            }
        },
        "apgd": {
            "1_255": {
                "comp_resnet50_sbb_l_trades8_255_stdaug_mra2_255__resnet50_sbb_l_wstd": {
                    "rob": {
                        "branch_model": "models/mrevadv/sbb_l/Linf/2_255/mra2_255_stdaug__resnet50_sbb_l_trades8_255/mra2_255_stdaug__resnet50_sbb_l_trades8_255__20210627_1620/resnet50_sbb_l_trades8_255_stdaug_mra2_255.pt",
                        "comp_adv_acc_2x": 83.79,
                        "comp_adv_acc_2xsepbr": 86.2,
                        "comp_nat_acc_2x": 91.73,
                        "comp_nat_acc_2xsepbr": 92.71,
                        "trunk_model": [
                            "./models/std/sbb_l/resnet50_sbb_l_wstd__20210810_0037/resnet50_sbb_l_wstd.pt"
                        ]
                    }
                },
                "compd_resnet50_sbb_l_trades8_255_stdaug_mra2_255__resnet50_sbb_l_wstd": {
                    "rob": {
                        "branch_model": "models/mrevadv/sbb_l/Linf/2_255/mra2_255_stdaug__resnet50_sbb_l_trades8_255/mra2_255_stdaug__resnet50_sbb_l_trades8_255__20210627_1620/resnet50_sbb_l_trades8_255_stdaug_mra2_255.pt",
                        "comp_adv_acc_2x": 83.79,
                        "comp_nat_acc_2x": 91.73,
                        "trunk_model": [
                            "./models/std/sbb_l/resnet50_sbb_l_wstd__20210810_0037/resnet50_sbb_l_wstd.pt"
                        ]
                    }
                },
                "compdsepbr_resnet50_sbb_l_trades8_255_stdaug_mra2_255__resnet50_sbb_l_wstd": {
                    "rob": {
                        "branch_model": "models/mrevadv/sbb_l/Linf/2_255/mra2_255_stdaug__resnet50_sbb_l_trades8_255/mra2_255_stdaug__resnet50_sbb_l_trades8_255__20210627_1620/resnet50_sbb_l_trades8_255_stdaug_mra2_255.pt",
                        "comp_adv_acc_2xsepbr": 86.2,
                        "comp_nat_acc_2xsepbr": 92.71,
                        "trunk_model": [
                            "./models/std/sbb_l/resnet50_sbb_l_wstd__20210810_0037/resnet50_sbb_l_wstd.pt"
                        ]
                    }
                }
            },
            "2_255": {
                "comp_resnet50_sbb_l_trades8_255_stdaug_mra2_255__resnet50_sbb_l_trades2_255__resnet50_sbb_l_wstd": {
                    "rob": {
                        "branch_model": "models/mrevadv/sbb_l/Linf/2_255/mra2_255_stdaug__resnet50_sbb_l_trades8_255/mra2_255_stdaug__resnet50_sbb_l_trades8_255__20210627_1620/resnet50_sbb_l_trades8_255_stdaug_mra2_255.pt",
                        "comp_adv_acc": 87.81,
                        "comp_nat_acc": 90.68,
                        "trunk_model": [
                            "./models/adv/sbb_l/Linf/resnet50_sbb_l_trades2_255ft__20210627_2226/resnet50_sbb_l_trades2_255.pt",
                            "./models/std/sbb_l/resnet50_sbb_l_wstd__20210810_0037/resnet50_sbb_l_wstd.pt"
                        ]
                    }
                },
                "comp_resnet50_sbb_l_trades8_255_stdaug_mra2_255__resnet50_sbb_l_wstd": {
                    "rob": {
                        "branch_model": "models/mrevadv/sbb_l/Linf/2_255/mra2_255_stdaug__resnet50_sbb_l_trades8_255/mra2_255_stdaug__resnet50_sbb_l_trades8_255__20210627_1620/resnet50_sbb_l_trades8_255_stdaug_mra2_255.pt",
                        "comp_adv_acc": 78.91,
                        "comp_nat_acc": 91.73,
                        "trunk_model": [
                            "./models/std/sbb_l/resnet50_sbb_l_wstd__20210810_0037/resnet50_sbb_l_wstd.pt"
                        ]
                    }
                }
            }
        }
    },
    "info": {
        "dataset": "sbb_l",
        "model": ""
    },
    "nat_acc": {
        "top1": 90.52,
        "top5": 100.0
    },
    "per_class": {
        "adv_acc": {
            "Linf": {
                "apgd": {
                    "1_255": {
                        "joint": {
                            "adv_acc": 90.38,
                            "rob_inacc": 4.81
                        },
                        "nodefect": {
                            "adv_acc": 89.65,
                            "rob_inacc": 2.29
                        },
                        "squat": {
                            "adv_acc": 20.15,
                            "rob_inacc": 39.55
                        },
                        "surface_defect": {
                            "adv_acc": 88.4,
                            "rob_inacc": 2.59
                        },
                        "welding": {
                            "adv_acc": 77.41,
                            "rob_inacc": 6.67
                        }
                    }
                }
            }
        },
        "nat_acc": {
            "joint": 92.31,
            "nodefect": 94.31,
            "squat": 35.07,
            "surface_defect": 93.32,
            "welding": 85.93
        }
    }
}