{
    "adv_acc": {
        "Linf": {
            "apgd": {
                "2_255": {
                    "adv_acc": 86.47,
                    "rob_inacc": 6.8,
                    "robind_commit_prec_2x": 92.35359940320775,
                    "robind_commit_prec_2xsepbr": 95.07646400596792,
                    "robind_commit_rate_2x": 87.64302059496568,
                    "robind_commit_rate_2xsepbr": 87.64302059496568
                },
                "4_255": {
                    "adv_acc": 81.82,
                    "rob_inacc": 5.82,
                    "robind_commit_prec": 93.36068631107796,
                    "robind_commit_rate": 87.64302059496568
                },
                "info": {
                    "adv_attack": "apgd",
                    "adv_norm": "Linf",
                    "test_att_n_steps": 40,
                    "test_att_step_size": 0.1
                },
                "robind_commit_prec": 93.36068631107796,
                "robind_commit_prec_2x": 92.35359940320775,
                "robind_commit_prec_2xsepbr": 95.07646400596792,
                "robind_commit_rate": 87.64302059496568,
                "robind_commit_rate_2x": 87.64302059496568,
                "robind_commit_rate_2xsepbr": 87.64302059496568
            }
        }
    },
    "comp_acc": {
        "": {
            "4_255": {
                "comp_resnet50_sbb_l_trades8_255_stdaug_mra4_255__resnet50_sbb_l_trades4_255__resnet50_sbb_l_wstd": {
                    "rob": {
                        "branch_model": "models/mrevadv/sbb_l/Linf/4_255/mra4_255_stdaug__resnet50_sbb_l_trades8_255/mra4_255_stdaug__resnet50_sbb_l_trades8_255__20210710_1055/resnet50_sbb_l_trades8_255_stdaug_mra4_255.pt",
                        "comp_adv_acc": 85.85,
                        "comp_nat_acc": 90.94,
                        "trunk_model": [
                            "./models/adv/sbb_l/Linf/resnet50_sbb_l_trades4_255ft__20210710_0058/resnet50_sbb_l_trades4_255.pt",
                            "./models/std/sbb_l/resnet50_sbb_l_wstd__20210810_0037/resnet50_sbb_l_wstd.pt"
                        ]
                    }
                },
                "comp_resnet50_sbb_l_trades8_255_stdaug_mra4_255__resnet50_sbb_l_wstd": {
                    "rob": {
                        "branch_model": "models/mrevadv/sbb_l/Linf/4_255/mra4_255_stdaug__resnet50_sbb_l_trades8_255/mra4_255_stdaug__resnet50_sbb_l_trades8_255__20210710_1055/resnet50_sbb_l_trades8_255_stdaug_mra4_255.pt",
                        "comp_adv_acc": 83.69,
                        "comp_nat_acc": 92.87,
                        "trunk_model": [
                            "./models/std/sbb_l/resnet50_sbb_l_wstd__20210810_0037/resnet50_sbb_l_wstd.pt"
                        ]
                    }
                }
            }
        },
        "apgd": {
            "2_255": {
                "comp_resnet50_sbb_l_trades8_255_stdaug_mra4_255__resnet50_sbb_l_wstd": {
                    "rob": {
                        "branch_model": "models/mrevadv/sbb_l/Linf/4_255/mra4_255_stdaug__resnet50_sbb_l_trades8_255/mra4_255_stdaug__resnet50_sbb_l_trades8_255__20210710_1055/resnet50_sbb_l_trades8_255_stdaug_mra4_255.pt",
                        "comp_adv_acc_2x": 83.03,
                        "comp_adv_acc_2xsepbr": 85.42,
                        "comp_nat_acc_2x": 91.21,
                        "comp_nat_acc_2xsepbr": 92.84,
                        "trunk_model": [
                            "./models/std/sbb_l/resnet50_sbb_l_wstd__20210810_0037/resnet50_sbb_l_wstd.pt"
                        ]
                    }
                },
                "compd_resnet50_sbb_l_trades8_255_stdaug_mra4_255__resnet50_sbb_l_wstd": {
                    "rob": {
                        "branch_model": "models/mrevadv/sbb_l/Linf/4_255/mra4_255_stdaug__resnet50_sbb_l_trades8_255/mra4_255_stdaug__resnet50_sbb_l_trades8_255__20210710_1055/resnet50_sbb_l_trades8_255_stdaug_mra4_255.pt",
                        "comp_adv_acc_2x": 83.03,
                        "comp_nat_acc_2x": 91.21,
                        "trunk_model": [
                            "./models/std/sbb_l/resnet50_sbb_l_wstd__20210810_0037/resnet50_sbb_l_wstd.pt"
                        ]
                    }
                },
                "compdsepbr_resnet50_sbb_l_trades8_255_stdaug_mra4_255__resnet50_sbb_l_wstd": {
                    "rob": {
                        "branch_model": "models/mrevadv/sbb_l/Linf/4_255/mra4_255_stdaug__resnet50_sbb_l_trades8_255/mra4_255_stdaug__resnet50_sbb_l_trades8_255__20210710_1055/resnet50_sbb_l_trades8_255_stdaug_mra4_255.pt",
                        "comp_adv_acc_2xsepbr": 85.42,
                        "comp_nat_acc_2xsepbr": 92.84,
                        "trunk_model": [
                            "./models/std/sbb_l/resnet50_sbb_l_wstd__20210810_0037/resnet50_sbb_l_wstd.pt"
                        ]
                    }
                }
            },
            "4_255": {
                "comp_resnet50_sbb_l_trades8_255_stdaug_mra4_255__resnet50_sbb_l_trades4_255__resnet50_sbb_l_wstd": {
                    "rob": {
                        "branch_model": "models/mrevadv/sbb_l/Linf/4_255/mra4_255_stdaug__resnet50_sbb_l_trades8_255/mra4_255_stdaug__resnet50_sbb_l_trades8_255__20210710_1055/resnet50_sbb_l_trades8_255_stdaug_mra4_255.pt",
                        "comp_adv_acc": 84.18,
                        "comp_nat_acc": 89.28,
                        "trunk_model": [
                            "./models/adv/sbb_l/Linf/resnet50_sbb_l_trades4_255ft__20210710_0058/resnet50_sbb_l_trades4_255.pt",
                            "./models/std/sbb_l/resnet50_sbb_l_wstd__20210810_0037/resnet50_sbb_l_wstd.pt"
                        ]
                    }
                },
                "comp_resnet50_sbb_l_trades8_255_stdaug_mra4_255__resnet50_sbb_l_wstd": {
                    "rob": {
                        "branch_model": "models/mrevadv/sbb_l/Linf/4_255/mra4_255_stdaug__resnet50_sbb_l_trades8_255/mra4_255_stdaug__resnet50_sbb_l_trades8_255__20210710_1055/resnet50_sbb_l_trades8_255_stdaug_mra4_255.pt",
                        "comp_adv_acc": 82.02,
                        "comp_nat_acc": 91.21,
                        "trunk_model": [
                            "./models/std/sbb_l/resnet50_sbb_l_wstd__20210810_0037/resnet50_sbb_l_wstd.pt"
                        ]
                    }
                }
            }
        }
    },
    "info": {
        "dataset": "sbb_l",
        "model": ""
    },
    "nat_acc": {
        "top1": 89.6,
        "top5": 100.0
    },
    "per_class": {
        "adv_acc": {
            "Linf": {
                "apgd": {
                    "2_255": {
                        "joint": {
                            "adv_acc": 88.46,
                            "rob_inacc": 7.69
                        },
                        "nodefect": {
                            "adv_acc": 91.28,
                            "rob_inacc": 4.51
                        },
                        "squat": {
                            "adv_acc": 14.93,
                            "rob_inacc": 50.75
                        },
                        "surface_defect": {
                            "adv_acc": 89.15,
                            "rob_inacc": 4.26
                        },
                        "welding": {
                            "adv_acc": 85.19,
                            "rob_inacc": 7.41
                        }
                    }
                }
            }
        },
        "nat_acc": {
            "joint": 89.42,
            "nodefect": 93.27,
            "squat": 27.61,
            "surface_defect": 92.49,
            "welding": 89.26
        }
    }
}