{
    "adv_acc": {
        "Linf": {
            "apgd": {
                "2_255": {
                    "adv_acc": 85.84,
                    "rob_inacc": 2.6,
                    "robind_commit_prec_2x": 99.00271985494106,
                    "robind_commit_prec_2xsepbr": 98.1479083020334,
                    "robind_commit_rate_2x": 77.21000000000001,
                    "robind_commit_rate_2xsepbr": 77.21000000000001
                },
                "4_255": {
                    "adv_acc": 76.44,
                    "rob_inacc": 0.77,
                    "robind_commit_prec": 99.00271985494106,
                    "robind_commit_rate": 77.21000000000001
                },
                "info": {
                    "adv_attack": "apgd",
                    "adv_norm": "Linf",
                    "test_att_n_steps": 40,
                    "test_att_step_size": 0.1
                },
                "robind_commit_prec": 99.00271985494106,
                "robind_commit_prec_2x": 99.00271985494106,
                "robind_commit_prec_2xsepbr": 98.1479083020334,
                "robind_commit_rate": 77.21000000000001,
                "robind_commit_rate_2x": 77.21000000000001,
                "robind_commit_rate_2xsepbr": 77.21000000000001
            }
        }
    },
    "comp_acc": {
        "": {
            "4_255": {
                "comp_Carmon2019Unlabeled_cifar10_autoaugment_trades4_255__Carmon2019Unlabeled_cifar10_trades4_255__aa_pyramidnet272200_cifar10_std": {
                    "rob": {
                        "branch_model": "./models/adv/cifar10/Linf/Carmon2019Unlabeled_cifar10_autoaugment_trades4_255ft__20210726_2135/Carmon2019Unlabeled_cifar10_autoaugment_trades4_255.pt",
                        "comp_adv_acc": 79.79,
                        "comp_nat_acc": 97.71,
                        "trunk_model": [
                            "./models/adv/cifar10/Linf/Carmon2019Unlabeled_cifar10_trades4_255ft__20210726_0613/Carmon2019Unlabeled_cifar10_trades4_255.pt",
                            "./models/std/cifar10/aa_pyramidnet272200_cifar10_std__20210705_0115/aa_pyramidnet272200_cifar10_std.pt"
                        ]
                    }
                },
                "comp_Carmon2019Unlabeled_cifar10_autoaugment_trades4_255__aa_pyramidnet272200_cifar10_std": {
                    "rob": {
                        "branch_model": "./models/adv/cifar10/Linf/Carmon2019Unlabeled_cifar10_autoaugment_trades4_255ft__20210726_2135/Carmon2019Unlabeled_cifar10_autoaugment_trades4_255.pt",
                        "comp_adv_acc": 76.44,
                        "comp_nat_acc": 98.15,
                        "trunk_model": [
                            "./models/std/cifar10/aa_pyramidnet272200_cifar10_std__20210705_0115/aa_pyramidnet272200_cifar10_std.pt"
                        ]
                    }
                }
            }
        },
        "apgd": {
            "2_255": {
                "comp_Carmon2019Unlabeled_cifar10_autoaugment_trades4_255__wrn4010_cifar10_std": {
                    "rob": {
                        "branch_model": "./models/adv/cifar10/Linf/Carmon2019Unlabeled_cifar10_autoaugment_trades4_255ft__20210726_2135/Carmon2019Unlabeled_cifar10_autoaugment_trades4_255.pt",
                        "comp_adv_acc_2x": 76.47,
                        "comp_adv_acc_2xsepbr": 75.81,
                        "comp_nat_acc_2x": 97.58,
                        "comp_nat_acc_2xsepbr": 97.62,
                        "trunk_model": [
                            "./models/std/cifar10/wrn4010_cifar10_std__20210919_2248/wrn4010_cifar10_std.pt"
                        ]
                    }
                },
                "compd_Carmon2019Unlabeled_cifar10_autoaugment_trades4_255__wrn4010_cifar10_std": {
                    "rob": {
                        "branch_model": "./models/adv/cifar10/Linf/Carmon2019Unlabeled_cifar10_autoaugment_trades4_255ft__20210726_2135/Carmon2019Unlabeled_cifar10_autoaugment_trades4_255.pt",
                        "comp_adv_acc_2x": 76.47,
                        "comp_nat_acc_2x": 97.58,
                        "trunk_model": [
                            "./models/std/cifar10/wrn4010_cifar10_std__20210919_2248/wrn4010_cifar10_std.pt"
                        ]
                    }
                },
                "compdsepbr_Carmon2019Unlabeled_cifar10_autoaugment_trades4_255__wrn4010_cifar10_std": {
                    "rob": {
                        "branch_model": "./models/adv/cifar10/Linf/Carmon2019Unlabeled_cifar10_autoaugment_trades4_255ft__20210726_2135/Carmon2019Unlabeled_cifar10_autoaugment_trades4_255.pt",
                        "comp_adv_acc_2xsepbr": 75.81,
                        "comp_nat_acc_2xsepbr": 97.62,
                        "trunk_model": [
                            "./models/std/cifar10/wrn4010_cifar10_std__20210919_2248/wrn4010_cifar10_std.pt"
                        ]
                    }
                }
            },
            "4_255": {
                "comp_Carmon2019Unlabeled_cifar10_autoaugment_trades4_255__Carmon2019Unlabeled_cifar10_trades4_255__aa_pyramidnet272200_cifar10_std": {
                    "rob": {
                        "branch_model": "./models/adv/cifar10/Linf/Carmon2019Unlabeled_cifar10_autoaugment_trades4_255ft__20210726_2135/Carmon2019Unlabeled_cifar10_autoaugment_trades4_255.pt",
                        "comp_adv_acc": 79.79,
                        "comp_nat_acc": 97.71,
                        "trunk_model": [
                            "./models/adv/cifar10/Linf/Carmon2019Unlabeled_cifar10_trades4_255ft__20210726_0613/Carmon2019Unlabeled_cifar10_trades4_255.pt",
                            "./models/std/cifar10/aa_pyramidnet272200_cifar10_std__20210705_0115/aa_pyramidnet272200_cifar10_std.pt"
                        ]
                    }
                },
                "comp_Carmon2019Unlabeled_cifar10_autoaugment_trades4_255__aa_pyramidnet272200_cifar10_std": {
                    "rob": {
                        "branch_model": "./models/adv/cifar10/Linf/Carmon2019Unlabeled_cifar10_autoaugment_trades4_255ft__20210726_2135/Carmon2019Unlabeled_cifar10_autoaugment_trades4_255.pt",
                        "comp_adv_acc": 76.44,
                        "comp_nat_acc": 98.15,
                        "trunk_model": [
                            "./models/std/cifar10/aa_pyramidnet272200_cifar10_std__20210705_0115/aa_pyramidnet272200_cifar10_std.pt"
                        ]
                    }
                },
                "comp_Carmon2019Unlabeled_cifar10_autoaugment_trades4_255__wrn4010_cifar10_std": {
                    "rob": {
                        "branch_model": "./models/adv/cifar10/Linf/Carmon2019Unlabeled_cifar10_autoaugment_trades4_255ft__20210726_2135/Carmon2019Unlabeled_cifar10_autoaugment_trades4_255.pt",
                        "comp_adv_acc": 76.44,
                        "comp_nat_acc": 97.58,
                        "trunk_model": [
                            "./models/std/cifar10/wrn4010_cifar10_std__20210919_2248/wrn4010_cifar10_std.pt"
                        ]
                    }
                }
            }
        }
    },
    "info": {
        "dataset": "cifar10",
        "model": ""
    },
    "nat_acc": {
        "top1": 92.53,
        "top5": 99.72
    }
}