{
    "adv_acc": {
        "Linf": {
            "apgd": {
                "2_255": {
                    "adv_acc": 51.56,
                    "rob_inacc": 3.67,
                    "robind_commit_prec_2x": 98.0273623926185,
                    "robind_commit_prec_2xsepbr": 93.82755329303211,
                    "robind_commit_rate_2x": 31.430000000000003,
                    "robind_commit_rate_2xsepbr": 31.430000000000003
                },
                "4_255": {
                    "adv_acc": 30.81,
                    "rob_inacc": 0.62,
                    "robind_commit_prec": 98.0273623926185,
                    "robind_commit_rate": 31.430000000000003
                },
                "info": {
                    "adv_attack": "apgd",
                    "adv_norm": "Linf",
                    "test_att_n_steps": 40,
                    "test_att_step_size": 0.1
                },
                "robind_commit_prec": 98.0273623926185,
                "robind_commit_prec_2x": 98.0273623926185,
                "robind_commit_prec_2xsepbr": 93.82755329303211,
                "robind_commit_rate": 31.430000000000003,
                "robind_commit_rate_2x": 31.430000000000003,
                "robind_commit_rate_2xsepbr": 31.430000000000003
            }
        }
    },
    "comp_acc": {
        "": {
            "4_255": {
                "comp_Rebuffi2021Fixing_28_10_cutmix_ddpm_autoaugment_mra4_255__Rebuffi2021Fixing_28_10_cutmix_ddpm_cifar100_trades4_255__wrn2810_cifar100_std": {
                    "rob": {
                        "branch_model": "models/mrevadv/cifar100/Linf/4_255/mra4_255_autoaugment__Rebuffi2021Fixing_28_10_cutmix_ddpm/mra4_255_autoaugment__Rebuffi2021Fixing_28_10_cutmix_ddpm__20210704_0811/Rebuffi2021Fixing_28_10_cutmix_ddpm_autoaugment_mra4_255.pt",
                        "comp_adv_acc": 45.04,
                        "comp_nat_acc": 79.38,
                        "trunk_model": [
                            "./models/adv/cifar100/Linf/Rebuffi2021Fixing_28_10_cutmix_ddpm_cifar100_trades4_255ft__20210705_2313/Rebuffi2021Fixing_28_10_cutmix_ddpm_cifar100_trades4_255.pt",
                            "./models/std/cifar100/wrn2810_cifar100_std__20210503_1059/wrn2810_cifar100_std.pt"
                        ]
                    }
                },
                "comp_Rebuffi2021Fixing_28_10_cutmix_ddpm_autoaugment_mra4_255__wrn2810_cifar100_std": {
                    "rob": {
                        "branch_model": "models/mrevadv/cifar100/Linf/4_255/mra4_255_autoaugment__Rebuffi2021Fixing_28_10_cutmix_ddpm/mra4_255_autoaugment__Rebuffi2021Fixing_28_10_cutmix_ddpm__20210704_0811/Rebuffi2021Fixing_28_10_cutmix_ddpm_autoaugment_mra4_255.pt",
                        "comp_adv_acc": 30.81,
                        "comp_nat_acc": 80.45,
                        "trunk_model": [
                            "./models/std/cifar100/wrn2810_cifar100_std__20210503_1059/wrn2810_cifar100_std.pt"
                        ]
                    }
                }
            }
        },
        "apgd": {
            "2_255": {
                "comp_Rebuffi2021Fixing_28_10_cutmix_ddpm_autoaugment_mra4_255__wrn2810_cifar100_std": {
                    "rob": {
                        "branch_model": "models/mrevadv/cifar100/Linf/4_255/mra4_255_autoaugment__Rebuffi2021Fixing_28_10_cutmix_ddpm/mra4_255_autoaugment__Rebuffi2021Fixing_28_10_cutmix_ddpm__20210704_0811/Rebuffi2021Fixing_28_10_cutmix_ddpm_autoaugment_mra4_255.pt",
                        "comp_adv_acc_2x": 30.94,
                        "comp_adv_acc_2xsepbr": 29.62,
                        "comp_nat_acc_2x": 80.45,
                        "comp_nat_acc_2xsepbr": 80.34,
                        "trunk_model": [
                            "./models/std/cifar100/wrn2810_cifar100_std__20210503_1059/wrn2810_cifar100_std.pt"
                        ]
                    }
                },
                "compd_Rebuffi2021Fixing_28_10_cutmix_ddpm_autoaugment_mra4_255__wrn2810_cifar100_std": {
                    "rob": {
                        "branch_model": "models/mrevadv/cifar100/Linf/4_255/mra4_255_autoaugment__Rebuffi2021Fixing_28_10_cutmix_ddpm/mra4_255_autoaugment__Rebuffi2021Fixing_28_10_cutmix_ddpm__20210704_0811/Rebuffi2021Fixing_28_10_cutmix_ddpm_autoaugment_mra4_255.pt",
                        "comp_adv_acc_2x": 30.94,
                        "comp_nat_acc_2x": 80.45,
                        "trunk_model": [
                            "./models/std/cifar100/wrn2810_cifar100_std__20210503_1059/wrn2810_cifar100_std.pt"
                        ]
                    }
                },
                "compdsepbr_Rebuffi2021Fixing_28_10_cutmix_ddpm_autoaugment_mra4_255__wrn2810_cifar100_std": {
                    "rob": {
                        "branch_model": "models/mrevadv/cifar100/Linf/4_255/mra4_255_autoaugment__Rebuffi2021Fixing_28_10_cutmix_ddpm/mra4_255_autoaugment__Rebuffi2021Fixing_28_10_cutmix_ddpm__20210704_0811/Rebuffi2021Fixing_28_10_cutmix_ddpm_autoaugment_mra4_255.pt",
                        "comp_adv_acc_2xsepbr": 29.62,
                        "comp_nat_acc_2xsepbr": 80.34,
                        "trunk_model": [
                            "./models/std/cifar100/wrn2810_cifar100_std__20210503_1059/wrn2810_cifar100_std.pt"
                        ]
                    }
                }
            },
            "4_255": {
                "comp_Rebuffi2021Fixing_28_10_cutmix_ddpm_autoaugment_mra4_255__Rebuffi2021Fixing_28_10_cutmix_ddpm_cifar100_trades4_255__wrn2810_cifar100_std": {
                    "rob": {
                        "branch_model": "models/mrevadv/cifar100/Linf/4_255/mra4_255_autoaugment__Rebuffi2021Fixing_28_10_cutmix_ddpm/mra4_255_autoaugment__Rebuffi2021Fixing_28_10_cutmix_ddpm__20210704_0811/Rebuffi2021Fixing_28_10_cutmix_ddpm_autoaugment_mra4_255.pt",
                        "comp_adv_acc": 44.38,
                        "comp_nat_acc": 78.72,
                        "trunk_model": [
                            "./models/adv/cifar100/Linf/Rebuffi2021Fixing_28_10_cutmix_ddpm_cifar100_trades4_255ft__20210705_2313/Rebuffi2021Fixing_28_10_cutmix_ddpm_cifar100_trades4_255.pt",
                            "./models/std/cifar100/wrn2810_cifar100_std__20210503_1059/wrn2810_cifar100_std.pt"
                        ]
                    }
                },
                "comp_Rebuffi2021Fixing_28_10_cutmix_ddpm_autoaugment_mra4_255__wrn2810_cifar100_std": {
                    "rob": {
                        "branch_model": "models/mrevadv/cifar100/Linf/4_255/mra4_255_autoaugment__Rebuffi2021Fixing_28_10_cutmix_ddpm/mra4_255_autoaugment__Rebuffi2021Fixing_28_10_cutmix_ddpm__20210704_0811/Rebuffi2021Fixing_28_10_cutmix_ddpm_autoaugment_mra4_255.pt",
                        "comp_adv_acc": 30.81,
                        "comp_nat_acc": 80.45,
                        "trunk_model": [
                            "./models/std/cifar100/wrn2810_cifar100_std__20210503_1059/wrn2810_cifar100_std.pt"
                        ]
                    }
                }
            }
        }
    },
    "info": {
        "dataset": "cifar100",
        "model": ""
    },
    "nat_acc": {
        "top1": 72.89,
        "top5": 92.08
    }
}