{
    "adv_acc": {
        "Linf": {
            "apgd": {
                "2_255": {
                    "adv_acc": 83.36,
                    "rob_inacc": 4.05,
                    "robind_commit_prec_2x": 93.45667870036098,
                    "robind_commit_prec_2xsepbr": 97.42779783393502,
                    "robind_commit_rate_2x": 72.44197450147108,
                    "robind_commit_rate_2xsepbr": 72.44197450147108
                },
                "4_255": {
                    "adv_acc": 69.5,
                    "rob_inacc": 2.94,
                    "robind_commit_prec": 95.93862815884476,
                    "robind_commit_rate": 72.44197450147108
                },
                "info": {
                    "adv_attack": "apgd",
                    "adv_norm": "Linf",
                    "test_att_n_steps": 40,
                    "test_att_step_size": 0.1
                },
                "robind_commit_prec": 95.93862815884476,
                "robind_commit_prec_2x": 93.45667870036098,
                "robind_commit_prec_2xsepbr": 97.42779783393502,
                "robind_commit_rate": 72.44197450147108,
                "robind_commit_rate_2x": 72.44197450147108,
                "robind_commit_rate_2xsepbr": 72.44197450147108
            }
        }
    },
    "comp_acc": {
        "": {
            "4_255": {
                "comp_resnet50_sbb_l_trades8_255_stdaug_mra4_255__resnet50_sbb_l_trades4_255__resnet50_sbb_l_wstd": {
                    "rob": {
                        "branch_model": "models/mrevadv/sbb_l/Linf/4_255/mra4_255_stdaug__resnet50_sbb_l_trades8_255/mra4_255_stdaug__resnet50_sbb_l_trades8_255__20210710_2014/resnet50_sbb_l_trades8_255_stdaug_mra4_255.pt",
                        "comp_adv_acc": 84.67,
                        "comp_nat_acc": 90.81,
                        "trunk_model": [
                            "./models/adv/sbb_l/Linf/resnet50_sbb_l_trades4_255ft__20210710_0058/resnet50_sbb_l_trades4_255.pt",
                            "./models/std/sbb_l/resnet50_sbb_l_wstd__20210810_0037/resnet50_sbb_l_wstd.pt"
                        ]
                    }
                },
                "comp_resnet50_sbb_l_trades8_255_stdaug_mra4_255__resnet50_sbb_l_wstd": {
                    "rob": {
                        "branch_model": "models/mrevadv/sbb_l/Linf/4_255/mra4_255_stdaug__resnet50_sbb_l_trades8_255/mra4_255_stdaug__resnet50_sbb_l_trades8_255__20210710_2014/resnet50_sbb_l_trades8_255_stdaug_mra4_255.pt",
                        "comp_adv_acc": 71.27,
                        "comp_nat_acc": 92.45,
                        "trunk_model": [
                            "./models/std/sbb_l/resnet50_sbb_l_wstd__20210810_0037/resnet50_sbb_l_wstd.pt"
                        ]
                    }
                }
            }
        },
        "apgd": {
            "2_255": {
                "comp_resnet50_sbb_l_trades8_255_stdaug_mra4_255__resnet50_sbb_l_wstd": {
                    "rob": {
                        "branch_model": "models/mrevadv/sbb_l/Linf/4_255/mra4_255_stdaug__resnet50_sbb_l_trades8_255/mra4_255_stdaug__resnet50_sbb_l_trades8_255__20210710_2014/resnet50_sbb_l_trades8_255_stdaug_mra4_255.pt",
                        "comp_adv_acc_2x": 73.78,
                        "comp_adv_acc_2xsepbr": 76.66,
                        "comp_nat_acc_2x": 91.24,
                        "comp_nat_acc_2xsepbr": 92.38,
                        "trunk_model": [
                            "./models/std/sbb_l/resnet50_sbb_l_wstd__20210810_0037/resnet50_sbb_l_wstd.pt"
                        ]
                    }
                },
                "compd_resnet50_sbb_l_trades8_255_stdaug_mra4_255__resnet50_sbb_l_wstd": {
                    "rob": {
                        "branch_model": "models/mrevadv/sbb_l/Linf/4_255/mra4_255_stdaug__resnet50_sbb_l_trades8_255/mra4_255_stdaug__resnet50_sbb_l_trades8_255__20210710_2014/resnet50_sbb_l_trades8_255_stdaug_mra4_255.pt",
                        "comp_adv_acc_2x": 73.78,
                        "comp_nat_acc_2x": 91.24,
                        "trunk_model": [
                            "./models/std/sbb_l/resnet50_sbb_l_wstd__20210810_0037/resnet50_sbb_l_wstd.pt"
                        ]
                    }
                },
                "compdsepbr_resnet50_sbb_l_trades8_255_stdaug_mra4_255__resnet50_sbb_l_wstd": {
                    "rob": {
                        "branch_model": "models/mrevadv/sbb_l/Linf/4_255/mra4_255_stdaug__resnet50_sbb_l_trades8_255/mra4_255_stdaug__resnet50_sbb_l_trades8_255__20210710_2014/resnet50_sbb_l_trades8_255_stdaug_mra4_255.pt",
                        "comp_adv_acc_2xsepbr": 76.66,
                        "comp_nat_acc_2xsepbr": 92.38,
                        "trunk_model": [
                            "./models/std/sbb_l/resnet50_sbb_l_wstd__20210810_0037/resnet50_sbb_l_wstd.pt"
                        ]
                    }
                }
            },
            "4_255": {
                "comp_resnet50_sbb_l_trades8_255_stdaug_mra4_255__resnet50_sbb_l_trades4_255__resnet50_sbb_l_wstd": {
                    "rob": {
                        "branch_model": "models/mrevadv/sbb_l/Linf/4_255/mra4_255_stdaug__resnet50_sbb_l_trades8_255/mra4_255_stdaug__resnet50_sbb_l_trades8_255__20210710_2014/resnet50_sbb_l_trades8_255_stdaug_mra4_255.pt",
                        "comp_adv_acc": 83.46,
                        "comp_nat_acc": 89.6,
                        "trunk_model": [
                            "./models/adv/sbb_l/Linf/resnet50_sbb_l_trades4_255ft__20210710_0058/resnet50_sbb_l_trades4_255.pt",
                            "./models/std/sbb_l/resnet50_sbb_l_wstd__20210810_0037/resnet50_sbb_l_wstd.pt"
                        ]
                    }
                },
                "comp_resnet50_sbb_l_trades8_255_stdaug_mra4_255__resnet50_sbb_l_wstd": {
                    "rob": {
                        "branch_model": "models/mrevadv/sbb_l/Linf/4_255/mra4_255_stdaug__resnet50_sbb_l_trades8_255/mra4_255_stdaug__resnet50_sbb_l_trades8_255__20210710_2014/resnet50_sbb_l_trades8_255_stdaug_mra4_255.pt",
                        "comp_adv_acc": 70.06,
                        "comp_nat_acc": 91.24,
                        "trunk_model": [
                            "./models/std/sbb_l/resnet50_sbb_l_wstd__20210810_0037/resnet50_sbb_l_wstd.pt"
                        ]
                    }
                }
            }
        }
    },
    "info": {
        "dataset": "sbb_l",
        "model": ""
    },
    "nat_acc": {
        "top1": 90.65,
        "top5": 100.0
    },
    "per_class": {
        "adv_acc": {
            "Linf": {
                "apgd": {
                    "2_255": {
                        "joint": {
                            "adv_acc": 89.42,
                            "rob_inacc": 5.77
                        },
                        "nodefect": {
                            "adv_acc": 88.03,
                            "rob_inacc": 2.51
                        },
                        "squat": {
                            "adv_acc": 20.9,
                            "rob_inacc": 26.87
                        },
                        "surface_defect": {
                            "adv_acc": 84.89,
                            "rob_inacc": 3.09
                        },
                        "welding": {
                            "adv_acc": 81.85,
                            "rob_inacc": 4.07
                        }
                    }
                }
            }
        },
        "nat_acc": {
            "joint": 90.38,
            "nodefect": 94.31,
            "squat": 42.54,
            "surface_defect": 92.57,
            "welding": 87.78
        }
    }
}