{
    "adv_acc": {
        "Linf": {
            "apgd": {
                "1_255": {
                    "adv_acc": 88.72,
                    "rob_inacc": 5.75,
                    "robind_commit_prec_2x": 93.21784002948765,
                    "robind_commit_prec_2xsepbr": 95.4294139329156,
                    "robind_commit_rate_2x": 88.68911408957175,
                    "robind_commit_rate_2xsepbr": 88.68911408957175
                },
                "2_255": {
                    "adv_acc": 83.59,
                    "rob_inacc": 5.1,
                    "robind_commit_prec": 94.24990785108737,
                    "robind_commit_rate": 88.68911408957175
                },
                "info": {
                    "adv_attack": "apgd",
                    "adv_norm": "Linf",
                    "test_att_n_steps": 40,
                    "test_att_step_size": 0.1
                },
                "robind_commit_prec": 94.24990785108737,
                "robind_commit_prec_2x": 93.21784002948765,
                "robind_commit_prec_2xsepbr": 95.4294139329156,
                "robind_commit_rate": 88.68911408957175,
                "robind_commit_rate_2x": 88.68911408957175,
                "robind_commit_rate_2xsepbr": 88.68911408957175
            }
        }
    },
    "comp_acc": {
        "": {
            "2_255": {
                "comp_resnet50_sbb_l_trades8_255_stdaug_mra2_255__resnet50_sbb_l_trades2_255__resnet50_sbb_l_wstd": {
                    "rob": {
                        "branch_model": "models/mrevadv/sbb_l/Linf/2_255/mra2_255_stdaug__resnet50_sbb_l_trades8_255/mra2_255_stdaug__resnet50_sbb_l_trades8_255__20210627_1419/resnet50_sbb_l_trades8_255_stdaug_mra2_255.pt",
                        "comp_adv_acc": 89.57,
                        "comp_nat_acc": 91.86,
                        "trunk_model": [
                            "./models/adv/sbb_l/Linf/resnet50_sbb_l_trades2_255ft__20210627_2226/resnet50_sbb_l_trades2_255.pt",
                            "./models/std/sbb_l/resnet50_sbb_l_wstd__20210810_0037/resnet50_sbb_l_wstd.pt"
                        ]
                    }
                },
                "comp_resnet50_sbb_l_trades8_255_stdaug_mra2_255__resnet50_sbb_l_wstd": {
                    "rob": {
                        "branch_model": "models/mrevadv/sbb_l/Linf/2_255/mra2_255_stdaug__resnet50_sbb_l_trades8_255/mra2_255_stdaug__resnet50_sbb_l_trades8_255__20210627_1419/resnet50_sbb_l_trades8_255_stdaug_mra2_255.pt",
                        "comp_adv_acc": 86.83,
                        "comp_nat_acc": 93.23,
                        "trunk_model": [
                            "./models/std/sbb_l/resnet50_sbb_l_wstd__20210810_0037/resnet50_sbb_l_wstd.pt"
                        ]
                    }
                }
            }
        },
        "apgd": {
            "1_255": {
                "comp_resnet50_sbb_l_trades8_255_stdaug_mra2_255__resnet50_sbb_l_wstd": {
                    "rob": {
                        "branch_model": "models/mrevadv/sbb_l/Linf/2_255/mra2_255_stdaug__resnet50_sbb_l_trades8_255/mra2_255_stdaug__resnet50_sbb_l_trades8_255__20210627_1419/resnet50_sbb_l_trades8_255_stdaug_mra2_255.pt",
                        "comp_adv_acc_2x": 87.38,
                        "comp_adv_acc_2xsepbr": 89.34,
                        "comp_nat_acc_2x": 91.76,
                        "comp_nat_acc_2xsepbr": 93.07,
                        "trunk_model": [
                            "./models/std/sbb_l/resnet50_sbb_l_wstd__20210810_0037/resnet50_sbb_l_wstd.pt"
                        ]
                    }
                },
                "compd_resnet50_sbb_l_trades8_255_stdaug_mra2_255__resnet50_sbb_l_wstd": {
                    "rob": {
                        "branch_model": "models/mrevadv/sbb_l/Linf/2_255/mra2_255_stdaug__resnet50_sbb_l_trades8_255/mra2_255_stdaug__resnet50_sbb_l_trades8_255__20210627_1419/resnet50_sbb_l_trades8_255_stdaug_mra2_255.pt",
                        "comp_adv_acc_2x": 87.38,
                        "comp_nat_acc_2x": 91.76,
                        "trunk_model": [
                            "./models/std/sbb_l/resnet50_sbb_l_wstd__20210810_0037/resnet50_sbb_l_wstd.pt"
                        ]
                    }
                },
                "compdsepbr_resnet50_sbb_l_trades8_255_stdaug_mra2_255__resnet50_sbb_l_wstd": {
                    "rob": {
                        "branch_model": "models/mrevadv/sbb_l/Linf/2_255/mra2_255_stdaug__resnet50_sbb_l_trades8_255/mra2_255_stdaug__resnet50_sbb_l_trades8_255__20210627_1419/resnet50_sbb_l_trades8_255_stdaug_mra2_255.pt",
                        "comp_adv_acc_2xsepbr": 89.34,
                        "comp_nat_acc_2xsepbr": 93.07,
                        "trunk_model": [
                            "./models/std/sbb_l/resnet50_sbb_l_wstd__20210810_0037/resnet50_sbb_l_wstd.pt"
                        ]
                    }
                }
            },
            "2_255": {
                "comp_resnet50_sbb_l_trades8_255_stdaug_mra2_255__resnet50_sbb_l_trades2_255__resnet50_sbb_l_wstd": {
                    "rob": {
                        "branch_model": "models/mrevadv/sbb_l/Linf/2_255/mra2_255_stdaug__resnet50_sbb_l_trades8_255/mra2_255_stdaug__resnet50_sbb_l_trades8_255__20210627_1419/resnet50_sbb_l_trades8_255_stdaug_mra2_255.pt",
                        "comp_adv_acc": 88.1,
                        "comp_nat_acc": 90.39,
                        "trunk_model": [
                            "./models/adv/sbb_l/Linf/resnet50_sbb_l_trades2_255ft__20210627_2226/resnet50_sbb_l_trades2_255.pt",
                            "./models/std/sbb_l/resnet50_sbb_l_wstd__20210810_0037/resnet50_sbb_l_wstd.pt"
                        ]
                    }
                },
                "comp_resnet50_sbb_l_trades8_255_stdaug_mra2_255__resnet50_sbb_l_wstd": {
                    "rob": {
                        "branch_model": "models/mrevadv/sbb_l/Linf/2_255/mra2_255_stdaug__resnet50_sbb_l_trades8_255/mra2_255_stdaug__resnet50_sbb_l_trades8_255__20210627_1419/resnet50_sbb_l_trades8_255_stdaug_mra2_255.pt",
                        "comp_adv_acc": 85.35,
                        "comp_nat_acc": 91.76,
                        "trunk_model": [
                            "./models/std/sbb_l/resnet50_sbb_l_wstd__20210810_0037/resnet50_sbb_l_wstd.pt"
                        ]
                    }
                }
            }
        }
    },
    "info": {
        "dataset": "sbb_l",
        "model": ""
    },
    "nat_acc": {
        "top1": 91.3,
        "top5": 100.0
    },
    "per_class": {
        "adv_acc": {
            "Linf": {
                "apgd": {
                    "1_255": {
                        "joint": {
                            "adv_acc": 90.38,
                            "rob_inacc": 6.73
                        },
                        "nodefect": {
                            "adv_acc": 92.39,
                            "rob_inacc": 3.4
                        },
                        "squat": {
                            "adv_acc": 32.09,
                            "rob_inacc": 38.81
                        },
                        "surface_defect": {
                            "adv_acc": 91.32,
                            "rob_inacc": 4.51
                        },
                        "welding": {
                            "adv_acc": 86.3,
                            "rob_inacc": 6.3
                        }
                    }
                }
            }
        },
        "nat_acc": {
            "joint": 90.38,
            "nodefect": 94.46,
            "squat": 44.03,
            "surface_defect": 93.74,
            "welding": 88.52
        }
    }
}