{
    "adv_acc": {
        "Linf": {
            "apgd": {
                "1_255": {
                    "adv_acc": 90.89,
                    "rob_inacc": 1.22,
                    "robind_commit_prec_2x": 99.6116504854369,
                    "robind_commit_prec_2xsepbr": 99.08980582524273,
                    "robind_commit_rate_2x": 82.39999999999999,
                    "robind_commit_rate_2xsepbr": 82.39999999999999
                },
                "2_255": {
                    "adv_acc": 82.08,
                    "rob_inacc": 0.32,
                    "robind_commit_prec": 99.6116504854369,
                    "robind_commit_rate": 82.39999999999999
                },
                "info": {
                    "adv_attack": "apgd",
                    "adv_norm": "Linf",
                    "test_att_n_steps": 40,
                    "test_att_step_size": 0.1
                },
                "robind_commit_prec": 99.6116504854369,
                "robind_commit_prec_2x": 99.6116504854369,
                "robind_commit_prec_2xsepbr": 99.08980582524273,
                "robind_commit_rate": 82.39999999999999,
                "robind_commit_rate_2x": 82.39999999999999,
                "robind_commit_rate_2xsepbr": 82.39999999999999
            }
        }
    },
    "comp_acc": {
        "": {
            "2_255": {
                "comp_Carmon2019Unlabeled_autoaugment_mra2_255__Carmon2019Unlabeled_cifar10_trades2_255__aa_pyramidnet272200_cifar10_std": {
                    "rob": {
                        "branch_model": "models/mrevadv/cifar10/Linf/2_255/mra2_255_autoaugment__Carmon2019Unlabeled/mra2_255_autoaugment__Carmon2019Unlabeled__20210531_0038/Carmon2019Unlabeled_autoaugment_mra2_255.pt",
                        "comp_adv_acc": 89.31,
                        "comp_nat_acc": 97.09,
                        "trunk_model": [
                            "./models/adv/cifar10/Linf/Carmon2019Unlabeled_cifar10_trades2_255ft__20210529_1410/Carmon2019Unlabeled_cifar10_trades2_255.pt",
                            "./models/std/cifar10/aa_pyramidnet272200_cifar10_std__20210705_0115/aa_pyramidnet272200_cifar10_std.pt"
                        ]
                    }
                },
                "comp_Carmon2019Unlabeled_autoaugment_mra2_255__aa_pyramidnet272200_cifar10_std": {
                    "rob": {
                        "branch_model": "models/mrevadv/cifar10/Linf/2_255/mra2_255_autoaugment__Carmon2019Unlabeled/mra2_255_autoaugment__Carmon2019Unlabeled__20210531_0038/Carmon2019Unlabeled_autoaugment_mra2_255.pt",
                        "comp_adv_acc": 82.08,
                        "comp_nat_acc": 98.51,
                        "trunk_model": [
                            "./models/std/cifar10/aa_pyramidnet272200_cifar10_std__20210705_0115/aa_pyramidnet272200_cifar10_std.pt"
                        ]
                    }
                }
            }
        },
        "apgd": {
            "1_255": {
                "comp_Carmon2019Unlabeled_autoaugment_mra2_255__wrn4010_cifar10_std": {
                    "rob": {
                        "branch_model": "models/mrevadv/cifar10/Linf/2_255/mra2_255_autoaugment__Carmon2019Unlabeled/mra2_255_autoaugment__Carmon2019Unlabeled__20210531_0038/Carmon2019Unlabeled_autoaugment_mra2_255.pt",
                        "comp_adv_acc_2x": 82.24,
                        "comp_adv_acc_2xsepbr": 81.81,
                        "comp_nat_acc_2x": 97.87,
                        "comp_nat_acc_2xsepbr": 97.75,
                        "trunk_model": [
                            "./models/std/cifar10/wrn4010_cifar10_std__20210919_2248/wrn4010_cifar10_std.pt"
                        ]
                    }
                },
                "compd_Carmon2019Unlabeled_autoaugment_mra2_255__wrn4010_cifar10_std": {
                    "rob": {
                        "branch_model": "models/mrevadv/cifar10/Linf/2_255/mra2_255_autoaugment__Carmon2019Unlabeled/mra2_255_autoaugment__Carmon2019Unlabeled__20210531_0038/Carmon2019Unlabeled_autoaugment_mra2_255.pt",
                        "comp_adv_acc_2x": 82.24,
                        "comp_nat_acc_2x": 97.87,
                        "trunk_model": [
                            "./models/std/cifar10/wrn4010_cifar10_std__20210919_2248/wrn4010_cifar10_std.pt"
                        ]
                    }
                },
                "compdsepbr_Carmon2019Unlabeled_autoaugment_mra2_255__wrn4010_cifar10_std": {
                    "rob": {
                        "branch_model": "models/mrevadv/cifar10/Linf/2_255/mra2_255_autoaugment__Carmon2019Unlabeled/mra2_255_autoaugment__Carmon2019Unlabeled__20210531_0038/Carmon2019Unlabeled_autoaugment_mra2_255.pt",
                        "comp_adv_acc_2xsepbr": 81.81,
                        "comp_nat_acc_2xsepbr": 97.75,
                        "trunk_model": [
                            "./models/std/cifar10/wrn4010_cifar10_std__20210919_2248/wrn4010_cifar10_std.pt"
                        ]
                    }
                }
            },
            "2_255": {
                "comp_Carmon2019Unlabeled_autoaugment_mra2_255__Carmon2019Unlabeled_cifar10_trades2_255__aa_pyramidnet272200_cifar10_std": {
                    "rob": {
                        "branch_model": "models/mrevadv/cifar10/Linf/2_255/mra2_255_autoaugment__Carmon2019Unlabeled/mra2_255_autoaugment__Carmon2019Unlabeled__20210531_0038/Carmon2019Unlabeled_autoaugment_mra2_255.pt",
                        "comp_adv_acc": 89.31,
                        "comp_nat_acc": 97.09,
                        "trunk_model": [
                            "./models/adv/cifar10/Linf/Carmon2019Unlabeled_cifar10_trades2_255ft__20210529_1410/Carmon2019Unlabeled_cifar10_trades2_255.pt",
                            "./models/std/cifar10/aa_pyramidnet272200_cifar10_std__20210705_0115/aa_pyramidnet272200_cifar10_std.pt"
                        ]
                    }
                },
                "comp_Carmon2019Unlabeled_autoaugment_mra2_255__aa_pyramidnet272200_cifar10_std": {
                    "rob": {
                        "branch_model": "models/mrevadv/cifar10/Linf/2_255/mra2_255_autoaugment__Carmon2019Unlabeled/mra2_255_autoaugment__Carmon2019Unlabeled__20210531_0038/Carmon2019Unlabeled_autoaugment_mra2_255.pt",
                        "comp_adv_acc": 82.08,
                        "comp_nat_acc": 98.51,
                        "trunk_model": [
                            "./models/std/cifar10/aa_pyramidnet272200_cifar10_std__20210705_0115/aa_pyramidnet272200_cifar10_std.pt"
                        ]
                    }
                },
                "comp_Carmon2019Unlabeled_autoaugment_mra2_255__wrn4010_cifar10_std": {
                    "rob": {
                        "branch_model": "models/mrevadv/cifar10/Linf/2_255/mra2_255_autoaugment__Carmon2019Unlabeled/mra2_255_autoaugment__Carmon2019Unlabeled__20210531_0038/Carmon2019Unlabeled_autoaugment_mra2_255.pt",
                        "comp_adv_acc": 82.1,
                        "comp_nat_acc": 97.87,
                        "trunk_model": [
                            "./models/std/cifar10/wrn4010_cifar10_std__20210919_2248/wrn4010_cifar10_std.pt"
                        ]
                    }
                }
            }
        }
    },
    "info": {
        "dataset": "cifar10",
        "model": ""
    },
    "nat_acc": {
        "top1": 95.82,
        "top5": 99.88
    }
}