{
    "adv_acc": {
        "Linf": {
            "apgd": {
                "1_255": {
                    "adv_acc": 87.1,
                    "rob_inacc": 3.06,
                    "robind_commit_prec_2x": 98.38737056526907,
                    "robind_commit_prec_2xsepbr": 98.16669495841114,
                    "robind_commit_rate_2x": 78.68305062107653,
                    "robind_commit_rate_2xsepbr": 78.68305062107653
                },
                "2_255": {
                    "adv_acc": 77.41,
                    "rob_inacc": 1.27,
                    "robind_commit_prec": 98.38737056526907,
                    "robind_commit_rate": 78.68305062107653
                },
                "info": {
                    "adv_attack": "apgd",
                    "adv_norm": "Linf",
                    "test_att_n_steps": 40,
                    "test_att_step_size": 0.1
                },
                "robind_commit_prec": 98.38737056526907,
                "robind_commit_prec_2x": 98.38737056526907,
                "robind_commit_prec_2xsepbr": 98.16669495841114,
                "robind_commit_rate": 78.68305062107653,
                "robind_commit_rate_2x": 78.68305062107653,
                "robind_commit_rate_2xsepbr": 78.68305062107653
            }
        }
    },
    "comp_acc": {
        "": {
            "2_255": {
                "comp_resnet50_mtsd_l_trades8_255_mra2_255__resnet50_mtsd_l_std": {
                    "rob": {
                        "branch_model": "models/mrevadv/mtsd_l/Linf/2_255/mra2_255__resnet50_mtsd_l_trades8_255/mra2_255__resnet50_mtsd_l_trades8_255__20210709_1801/resnet50_mtsd_l_trades8_255_mra2_255.pt",
                        "comp_adv_acc": 78.51,
                        "comp_nat_acc": 94.28,
                        "trunk_model": [
                            "./models/std/mtsd_l/resnet50_mtsd_l_std__20210516_0140/resnet50_mtsd_l_std.pt"
                        ]
                    }
                },
                "comp_resnet50_mtsd_l_trades8_255_mra2_255__resnet50_mtsd_l_trades2_255__resnet50_mtsd_l_std": {
                    "rob": {
                        "branch_model": "models/mrevadv/mtsd_l/Linf/2_255/mra2_255__resnet50_mtsd_l_trades8_255/mra2_255__resnet50_mtsd_l_trades8_255__20210709_1801/resnet50_mtsd_l_trades8_255_mra2_255.pt",
                        "comp_adv_acc": 87.67,
                        "comp_nat_acc": 94.1,
                        "trunk_model": [
                            "./models/adv/mtsd_l/Linf/resnet50_mtsd_l_trades2_255ft__20210526_1406/resnet50_mtsd_l_trades2_255.pt",
                            "./models/std/mtsd_l/resnet50_mtsd_l_std__20210516_0140/resnet50_mtsd_l_std.pt"
                        ]
                    }
                }
            }
        },
        "apgd": {
            "1_255": {
                "comp_resnet50_mtsd_l_trades8_255_mra2_255__resnet50_mtsd_l_std": {
                    "rob": {
                        "branch_model": "models/mrevadv/mtsd_l/Linf/2_255/mra2_255__resnet50_mtsd_l_trades8_255/mra2_255__resnet50_mtsd_l_trades8_255__20210709_1801/resnet50_mtsd_l_trades8_255_mra2_255.pt",
                        "comp_adv_acc_2x": 83.49,
                        "comp_adv_acc_2xsepbr": 83.32,
                        "comp_nat_acc_2x": 94.28,
                        "comp_nat_acc_2xsepbr": 94.22,
                        "trunk_model": [
                            "./models/std/mtsd_l/resnet50_mtsd_l_std__20210516_0140/resnet50_mtsd_l_std.pt"
                        ]
                    }
                },
                "compd_resnet50_mtsd_l_trades8_255_mra2_255__resnet50_mtsd_l_std": {
                    "rob": {
                        "branch_model": "models/mrevadv/mtsd_l/Linf/2_255/mra2_255__resnet50_mtsd_l_trades8_255/mra2_255__resnet50_mtsd_l_trades8_255__20210709_1801/resnet50_mtsd_l_trades8_255_mra2_255.pt",
                        "comp_adv_acc_2x": 83.49,
                        "comp_nat_acc_2x": 94.28,
                        "trunk_model": [
                            "./models/std/mtsd_l/resnet50_mtsd_l_std__20210516_0140/resnet50_mtsd_l_std.pt"
                        ]
                    }
                },
                "compdsepbr_resnet50_mtsd_l_trades8_255_mra2_255__resnet50_mtsd_l_std": {
                    "rob": {
                        "branch_model": "models/mrevadv/mtsd_l/Linf/2_255/mra2_255__resnet50_mtsd_l_trades8_255/mra2_255__resnet50_mtsd_l_trades8_255__20210709_1801/resnet50_mtsd_l_trades8_255_mra2_255.pt",
                        "comp_adv_acc_2xsepbr": 83.32,
                        "comp_nat_acc_2xsepbr": 94.22,
                        "trunk_model": [
                            "./models/std/mtsd_l/resnet50_mtsd_l_std__20210516_0140/resnet50_mtsd_l_std.pt"
                        ]
                    }
                }
            },
            "2_255": {
                "comp_resnet50_mtsd_l_trades8_255_mra2_255__resnet50_mtsd_l_std": {
                    "rob": {
                        "branch_model": "models/mrevadv/mtsd_l/Linf/2_255/mra2_255__resnet50_mtsd_l_trades8_255/mra2_255__resnet50_mtsd_l_trades8_255__20210709_1801/resnet50_mtsd_l_trades8_255_mra2_255.pt",
                        "comp_adv_acc": 78.51,
                        "comp_nat_acc": 94.28,
                        "trunk_model": [
                            "./models/std/mtsd_l/resnet50_mtsd_l_std__20210516_0140/resnet50_mtsd_l_std.pt"
                        ]
                    }
                },
                "comp_resnet50_mtsd_l_trades8_255_mra2_255__resnet50_mtsd_l_trades2_255__resnet50_mtsd_l_std": {
                    "rob": {
                        "branch_model": "models/mrevadv/mtsd_l/Linf/2_255/mra2_255__resnet50_mtsd_l_trades8_255/mra2_255__resnet50_mtsd_l_trades8_255__20210709_1801/resnet50_mtsd_l_trades8_255_mra2_255.pt",
                        "comp_adv_acc": 87.67,
                        "comp_nat_acc": 94.1,
                        "trunk_model": [
                            "./models/adv/mtsd_l/Linf/resnet50_mtsd_l_trades2_255ft__20210526_1406/resnet50_mtsd_l_trades2_255.pt",
                            "./models/std/mtsd_l/resnet50_mtsd_l_std__20210516_0140/resnet50_mtsd_l_std.pt"
                        ]
                    }
                }
            }
        }
    },
    "info": {
        "dataset": "mtsd_l",
        "model": ""
    },
    "nat_acc": {
        "top1": 92.64,
        "top5": 98.78
    }
}