{
    "adv_acc": {
        "Linf": {
            "apgd": {
                "1_255": {
                    "adv_acc": 79.59,
                    "rob_inacc": 2.28,
                    "robind_commit_prec_2x": 99.2043284532145,
                    "robind_commit_prec_2xsepbr": 98.05856142584342,
                    "robind_commit_rate_2x": 62.839999999999996,
                    "robind_commit_rate_2xsepbr": 62.839999999999996
                },
                "2_255": {
                    "adv_acc": 62.34,
                    "rob_inacc": 0.5,
                    "robind_commit_prec": 99.2043284532145,
                    "robind_commit_rate": 62.839999999999996
                },
                "adv_acc": 79.59,
                "info": {
                    "adv_attack": "apgd",
                    "adv_norm": "Linf",
                    "test_att_n_steps": 40,
                    "test_att_step_size": 0.1
                },
                "rob_inacc": 2.28,
                "robind_commit_prec": 99.2043284532145,
                "robind_commit_prec_2x": 99.2043284532145,
                "robind_commit_prec_2xsepbr": 98.05856142584342,
                "robind_commit_rate": 62.839999999999996,
                "robind_commit_rate_2x": 62.839999999999996,
                "robind_commit_rate_2xsepbr": 62.839999999999996
            }
        }
    },
    "comp_acc": {
        "": {
            "2_255": {
                "comp_resnet50_cifar10_trades2_255_autoaugment_mra2_255__aa_pyramidnet272200_cifar10_std": {
                    "rob": {
                        "branch_model": "models/mrevadv/cifar10/Linf/2_255/mra2_255_autoaugment__resnet50_cifar10_trades2_255/mra2_255_autoaugment__resnet50_cifar10_trades2_255__20210612_2306/resnet50_cifar10_trades2_255_autoaugment_mra2_255.pt",
                        "comp_adv_acc": 62.34,
                        "comp_nat_acc": 98.3,
                        "trunk_model": [
                            "./models/std/cifar10/aa_pyramidnet272200_cifar10_std__20210705_0115/aa_pyramidnet272200_cifar10_std.pt"
                        ]
                    }
                },
                "comp_resnet50_cifar10_trades2_255_autoaugment_mra2_255__resnet50_cifar10_trades2_255__aa_pyramidnet272200_cifar10_std": {
                    "rob": {
                        "branch_model": "models/mrevadv/cifar10/Linf/2_255/mra2_255_autoaugment__resnet50_cifar10_trades2_255/mra2_255_autoaugment__resnet50_cifar10_trades2_255__20210612_2306/resnet50_cifar10_trades2_255_autoaugment_mra2_255.pt",
                        "comp_adv_acc": 80.06,
                        "comp_nat_acc": 95.04,
                        "trunk_model": [
                            "./models/adv/cifar10/Linf/resnet50_cifar10_trades2_255ft__20210523_1551/resnet50_cifar10_trades2_255.pt",
                            "./models/std/cifar10/aa_pyramidnet272200_cifar10_std__20210705_0115/aa_pyramidnet272200_cifar10_std.pt"
                        ]
                    }
                }
            }
        },
        "apgd": {
            "1_255": {
                "comp_resnet50_cifar10_trades2_255_autoaugment_mra2_255__wrn4010_cifar10_std": {
                    "rob": {
                        "branch_model": "models/mrevadv/cifar10/Linf/2_255/mra2_255_autoaugment__resnet50_cifar10_trades2_255/mra2_255_autoaugment__resnet50_cifar10_trades2_255__20210612_2306/resnet50_cifar10_trades2_255_autoaugment_mra2_255.pt",
                        "comp_adv_acc_2x": 64.67,
                        "comp_adv_acc_2xsepbr": 63.95,
                        "comp_nat_acc_2x": 97.49,
                        "comp_nat_acc_2xsepbr": 97.35,
                        "trunk_model": [
                            "./models/std/cifar10/wrn4010_cifar10_std__20210919_2248/wrn4010_cifar10_std.pt"
                        ]
                    }
                },
                "compd_resnet50_cifar10_trades2_255_autoaugment_mra2_255__wrn4010_cifar10_std": {
                    "rob": {
                        "branch_model": "models/mrevadv/cifar10/Linf/2_255/mra2_255_autoaugment__resnet50_cifar10_trades2_255/mra2_255_autoaugment__resnet50_cifar10_trades2_255__20210612_2306/resnet50_cifar10_trades2_255_autoaugment_mra2_255.pt",
                        "comp_adv_acc_2x": 64.67,
                        "comp_nat_acc_2x": 97.49,
                        "trunk_model": [
                            "./models/std/cifar10/wrn4010_cifar10_std__20210919_2248/wrn4010_cifar10_std.pt"
                        ]
                    }
                },
                "compdsepbr_resnet50_cifar10_trades2_255_autoaugment_mra2_255__wrn4010_cifar10_std": {
                    "rob": {
                        "branch_model": "models/mrevadv/cifar10/Linf/2_255/mra2_255_autoaugment__resnet50_cifar10_trades2_255/mra2_255_autoaugment__resnet50_cifar10_trades2_255__20210612_2306/resnet50_cifar10_trades2_255_autoaugment_mra2_255.pt",
                        "comp_adv_acc_2xsepbr": 63.95,
                        "comp_nat_acc_2xsepbr": 97.35,
                        "trunk_model": [
                            "./models/std/cifar10/wrn4010_cifar10_std__20210919_2248/wrn4010_cifar10_std.pt"
                        ]
                    }
                }
            },
            "2_255": {
                "comp_resnet50_cifar10_trades2_255_autoaugment_mra2_255__aa_pyramidnet272200_cifar10_std": {
                    "rob": {
                        "branch_model": "models/mrevadv/cifar10/Linf/2_255/mra2_255_autoaugment__resnet50_cifar10_trades2_255/mra2_255_autoaugment__resnet50_cifar10_trades2_255__20210612_2306/resnet50_cifar10_trades2_255_autoaugment_mra2_255.pt",
                        "comp_adv_acc": 62.34,
                        "comp_nat_acc": 98.3,
                        "trunk_model": [
                            "./models/std/cifar10/aa_pyramidnet272200_cifar10_std__20210705_0115/aa_pyramidnet272200_cifar10_std.pt"
                        ]
                    }
                },
                "comp_resnet50_cifar10_trades2_255_autoaugment_mra2_255__resnet50_cifar10_trades2_255__aa_pyramidnet272200_cifar10_std": {
                    "rob": {
                        "branch_model": "models/mrevadv/cifar10/Linf/2_255/mra2_255_autoaugment__resnet50_cifar10_trades2_255/mra2_255_autoaugment__resnet50_cifar10_trades2_255__20210612_2306/resnet50_cifar10_trades2_255_autoaugment_mra2_255.pt",
                        "comp_adv_acc": 80.06,
                        "comp_nat_acc": 95.04,
                        "trunk_model": [
                            "./models/adv/cifar10/Linf/resnet50_cifar10_trades2_255ft__20210523_1551/resnet50_cifar10_trades2_255.pt",
                            "./models/std/cifar10/aa_pyramidnet272200_cifar10_std__20210705_0115/aa_pyramidnet272200_cifar10_std.pt"
                        ]
                    }
                },
                "comp_resnet50_cifar10_trades2_255_autoaugment_mra2_255__wrn4010_cifar10_std": {
                    "rob": {
                        "branch_model": "models/mrevadv/cifar10/Linf/2_255/mra2_255_autoaugment__resnet50_cifar10_trades2_255/mra2_255_autoaugment__resnet50_cifar10_trades2_255__20210612_2306/resnet50_cifar10_trades2_255_autoaugment_mra2_255.pt",
                        "comp_adv_acc": 62.43,
                        "comp_nat_acc": 97.49,
                        "trunk_model": [
                            "./models/std/cifar10/wrn4010_cifar10_std__20210919_2248/wrn4010_cifar10_std.pt"
                        ]
                    }
                }
            }
        }
    },
    "info": {
        "dataset": "cifar10",
        "model": ""
    },
    "nat_acc": {
        "top1": 90.84,
        "top5": 99.64
    }
}