{
    "adv_acc": {
        "Linf": {
            "apgd": {
                "1_255": {
                    "adv_acc": 81.27,
                    "rob_inacc": 1.76,
                    "robind_commit_prec_2x": 99.1557619248628,
                    "robind_commit_prec_2xsepbr": 99.05023216547067,
                    "robind_commit_rate_2x": 63.28302390810738,
                    "robind_commit_rate_2xsepbr": 63.28302390810738
                },
                "2_255": {
                    "adv_acc": 62.75,
                    "rob_inacc": 0.53,
                    "robind_commit_prec": 99.1557619248628,
                    "robind_commit_rate": 63.28302390810738
                },
                "info": {
                    "adv_attack": "apgd",
                    "adv_norm": "Linf",
                    "test_att_n_steps": 40,
                    "test_att_step_size": 0.1
                },
                "robind_commit_prec": 99.1557619248628,
                "robind_commit_prec_2x": 99.1557619248628,
                "robind_commit_prec_2xsepbr": 99.05023216547067,
                "robind_commit_rate": 63.28302390810738,
                "robind_commit_rate_2x": 63.28302390810738,
                "robind_commit_rate_2xsepbr": 63.28302390810738
            }
        }
    },
    "comp_acc": {
        "": {
            "2_255": {
                "comp_resnet50_mtsd_l_trades8_255_mra2_255__resnet50_mtsd_l_std": {
                    "rob": {
                        "branch_model": "models/mrevadv/mtsd_l/Linf/2_255/mra2_255__resnet50_mtsd_l_trades8_255/mra2_255__resnet50_mtsd_l_trades8_255__20210711_2349/resnet50_mtsd_l_trades8_255_mra2_255.pt",
                        "comp_adv_acc": 66.07,
                        "comp_nat_acc": 93.99,
                        "trunk_model": [
                            "./models/std/mtsd_l/resnet50_mtsd_l_std__20210516_0140/resnet50_mtsd_l_std.pt"
                        ]
                    }
                },
                "comp_resnet50_mtsd_l_trades8_255_mra2_255__resnet50_mtsd_l_trades2_255__resnet50_mtsd_l_std": {
                    "rob": {
                        "branch_model": "models/mrevadv/mtsd_l/Linf/2_255/mra2_255__resnet50_mtsd_l_trades8_255/mra2_255__resnet50_mtsd_l_trades8_255__20210711_2349/resnet50_mtsd_l_trades8_255_mra2_255.pt",
                        "comp_adv_acc": 87.26,
                        "comp_nat_acc": 94.08,
                        "trunk_model": [
                            "./models/adv/mtsd_l/Linf/resnet50_mtsd_l_trades2_255ft__20210526_1406/resnet50_mtsd_l_trades2_255.pt",
                            "./models/std/mtsd_l/resnet50_mtsd_l_std__20210516_0140/resnet50_mtsd_l_std.pt"
                        ]
                    }
                }
            }
        },
        "apgd": {
            "1_255": {
                "comp_resnet50_mtsd_l_trades8_255_mra2_255__resnet50_mtsd_l_std": {
                    "rob": {
                        "branch_model": "models/mrevadv/mtsd_l/Linf/2_255/mra2_255__resnet50_mtsd_l_trades8_255/mra2_255__resnet50_mtsd_l_trades8_255__20210711_2349/resnet50_mtsd_l_trades8_255_mra2_255.pt",
                        "comp_adv_acc_2x": 78.55,
                        "comp_adv_acc_2xsepbr": 78.48,
                        "comp_nat_acc_2x": 93.99,
                        "comp_nat_acc_2xsepbr": 93.95,
                        "trunk_model": [
                            "./models/std/mtsd_l/resnet50_mtsd_l_std__20210516_0140/resnet50_mtsd_l_std.pt"
                        ]
                    }
                },
                "compd_resnet50_mtsd_l_trades8_255_mra2_255__resnet50_mtsd_l_std": {
                    "rob": {
                        "branch_model": "models/mrevadv/mtsd_l/Linf/2_255/mra2_255__resnet50_mtsd_l_trades8_255/mra2_255__resnet50_mtsd_l_trades8_255__20210711_2349/resnet50_mtsd_l_trades8_255_mra2_255.pt",
                        "comp_adv_acc_2x": 78.55,
                        "comp_nat_acc_2x": 93.99,
                        "trunk_model": [
                            "./models/std/mtsd_l/resnet50_mtsd_l_std__20210516_0140/resnet50_mtsd_l_std.pt"
                        ]
                    }
                },
                "compdsepbr_resnet50_mtsd_l_trades8_255_mra2_255__resnet50_mtsd_l_std": {
                    "rob": {
                        "branch_model": "models/mrevadv/mtsd_l/Linf/2_255/mra2_255__resnet50_mtsd_l_trades8_255/mra2_255__resnet50_mtsd_l_trades8_255__20210711_2349/resnet50_mtsd_l_trades8_255_mra2_255.pt",
                        "comp_adv_acc_2xsepbr": 78.48,
                        "comp_nat_acc_2xsepbr": 93.95,
                        "trunk_model": [
                            "./models/std/mtsd_l/resnet50_mtsd_l_std__20210516_0140/resnet50_mtsd_l_std.pt"
                        ]
                    }
                }
            },
            "2_255": {
                "comp_resnet50_mtsd_l_trades8_255_mra2_255__resnet50_mtsd_l_std": {
                    "rob": {
                        "branch_model": "models/mrevadv/mtsd_l/Linf/2_255/mra2_255__resnet50_mtsd_l_trades8_255/mra2_255__resnet50_mtsd_l_trades8_255__20210711_2349/resnet50_mtsd_l_trades8_255_mra2_255.pt",
                        "comp_adv_acc": 66.07,
                        "comp_nat_acc": 93.99,
                        "trunk_model": [
                            "./models/std/mtsd_l/resnet50_mtsd_l_std__20210516_0140/resnet50_mtsd_l_std.pt"
                        ]
                    }
                },
                "comp_resnet50_mtsd_l_trades8_255_mra2_255__resnet50_mtsd_l_trades2_255__resnet50_mtsd_l_std": {
                    "rob": {
                        "branch_model": "models/mrevadv/mtsd_l/Linf/2_255/mra2_255__resnet50_mtsd_l_trades8_255/mra2_255__resnet50_mtsd_l_trades8_255__20210711_2349/resnet50_mtsd_l_trades8_255_mra2_255.pt",
                        "comp_adv_acc": 87.26,
                        "comp_nat_acc": 94.08,
                        "trunk_model": [
                            "./models/adv/mtsd_l/Linf/resnet50_mtsd_l_trades2_255ft__20210526_1406/resnet50_mtsd_l_trades2_255.pt",
                            "./models/std/mtsd_l/resnet50_mtsd_l_std__20210516_0140/resnet50_mtsd_l_std.pt"
                        ]
                    }
                }
            }
        }
    },
    "info": {
        "dataset": "mtsd_l",
        "model": ""
    },
    "nat_acc": {
        "top1": 92.84,
        "top5": 98.86
    }
}