{
    "adv_acc": {
        "Linf": {
            "apgd": {
                "1_255": {
                    "adv_acc": 89.05,
                    "rob_inacc": 5.92,
                    "robind_commit_prec_2x": 93.07499102978112,
                    "robind_commit_prec_2xsepbr": 94.94079655543595,
                    "robind_commit_rate_2x": 91.10820529584832,
                    "robind_commit_rate_2xsepbr": 91.10820529584832
                },
                "2_255": {
                    "adv_acc": 85.98,
                    "rob_inacc": 5.13,
                    "robind_commit_prec": 94.36670254754216,
                    "robind_commit_rate": 91.10820529584832
                },
                "info": {
                    "adv_attack": "apgd",
                    "adv_norm": "Linf",
                    "test_att_n_steps": 40,
                    "test_att_step_size": 0.1
                },
                "robind_commit_prec": 94.36670254754216,
                "robind_commit_prec_2x": 93.07499102978112,
                "robind_commit_prec_2xsepbr": 94.94079655543595,
                "robind_commit_rate": 91.10820529584832,
                "robind_commit_rate_2x": 91.10820529584832,
                "robind_commit_rate_2xsepbr": 91.10820529584832
            }
        }
    },
    "comp_acc": {
        "": {
            "2_255": {
                "comp_resnet50_sbb_l_trades8_255_mra2_255__resnet50_sbb_l_trades2_255__resnet50_sbb_l_wstd": {
                    "rob": {
                        "branch_model": "models/mrevadv/sbb_l/Linf/2_255/mra2_255__resnet50_sbb_l_trades8_255/mra2_255__resnet50_sbb_l_trades8_255__20210627_0414/resnet50_sbb_l_trades8_255_mra2_255.pt",
                        "comp_adv_acc": 89.54,
                        "comp_nat_acc": 91.86,
                        "trunk_model": [
                            "./models/adv/sbb_l/Linf/resnet50_sbb_l_trades2_255ft__20210627_2226/resnet50_sbb_l_trades2_255.pt",
                            "./models/std/sbb_l/resnet50_sbb_l_wstd__20210810_0037/resnet50_sbb_l_wstd.pt"
                        ]
                    }
                },
                "comp_resnet50_sbb_l_trades8_255_mra2_255__resnet50_sbb_l_wstd": {
                    "rob": {
                        "branch_model": "models/mrevadv/sbb_l/Linf/2_255/mra2_255__resnet50_sbb_l_trades8_255/mra2_255__resnet50_sbb_l_trades8_255__20210627_0414/resnet50_sbb_l_trades8_255_mra2_255.pt",
                        "comp_adv_acc": 88.13,
                        "comp_nat_acc": 93.2,
                        "trunk_model": [
                            "./models/std/sbb_l/resnet50_sbb_l_wstd__20210810_0037/resnet50_sbb_l_wstd.pt"
                        ]
                    }
                }
            }
        },
        "apgd": {
            "1_255": {
                "comp_resnet50_sbb_l_trades8_255_mra2_255__resnet50_sbb_l_wstd": {
                    "rob": {
                        "branch_model": "models/mrevadv/sbb_l/Linf/2_255/mra2_255__resnet50_sbb_l_trades8_255/mra2_255__resnet50_sbb_l_trades8_255__20210627_0414/resnet50_sbb_l_trades8_255_mra2_255.pt",
                        "comp_adv_acc_2x": 88.17,
                        "comp_adv_acc_2xsepbr": 89.87,
                        "comp_nat_acc_2x": 92.15,
                        "comp_nat_acc_2xsepbr": 92.97,
                        "trunk_model": [
                            "./models/std/sbb_l/resnet50_sbb_l_wstd__20210810_0037/resnet50_sbb_l_wstd.pt"
                        ]
                    }
                },
                "compd_resnet50_sbb_l_trades8_255_mra2_255__resnet50_sbb_l_wstd": {
                    "rob": {
                        "branch_model": "models/mrevadv/sbb_l/Linf/2_255/mra2_255__resnet50_sbb_l_trades8_255/mra2_255__resnet50_sbb_l_trades8_255__20210627_0414/resnet50_sbb_l_trades8_255_mra2_255.pt",
                        "comp_adv_acc_2x": 88.17,
                        "comp_nat_acc_2x": 92.15,
                        "trunk_model": [
                            "./models/std/sbb_l/resnet50_sbb_l_wstd__20210810_0037/resnet50_sbb_l_wstd.pt"
                        ]
                    }
                },
                "compdsepbr_resnet50_sbb_l_trades8_255_mra2_255__resnet50_sbb_l_wstd": {
                    "rob": {
                        "branch_model": "models/mrevadv/sbb_l/Linf/2_255/mra2_255__resnet50_sbb_l_trades8_255/mra2_255__resnet50_sbb_l_trades8_255__20210627_0414/resnet50_sbb_l_trades8_255_mra2_255.pt",
                        "comp_adv_acc_2xsepbr": 89.87,
                        "comp_nat_acc_2xsepbr": 92.97,
                        "trunk_model": [
                            "./models/std/sbb_l/resnet50_sbb_l_wstd__20210810_0037/resnet50_sbb_l_wstd.pt"
                        ]
                    }
                }
            },
            "2_255": {
                "comp_resnet50_sbb_l_trades8_255_mra2_255__resnet50_sbb_l_trades2_255__resnet50_sbb_l_wstd": {
                    "rob": {
                        "branch_model": "models/mrevadv/sbb_l/Linf/2_255/mra2_255__resnet50_sbb_l_trades8_255/mra2_255__resnet50_sbb_l_trades8_255__20210627_0414/resnet50_sbb_l_trades8_255_mra2_255.pt",
                        "comp_adv_acc": 88.49,
                        "comp_nat_acc": 90.81,
                        "trunk_model": [
                            "./models/adv/sbb_l/Linf/resnet50_sbb_l_trades2_255ft__20210627_2226/resnet50_sbb_l_trades2_255.pt",
                            "./models/std/sbb_l/resnet50_sbb_l_wstd__20210810_0037/resnet50_sbb_l_wstd.pt"
                        ]
                    }
                },
                "comp_resnet50_sbb_l_trades8_255_mra2_255__resnet50_sbb_l_wstd": {
                    "rob": {
                        "branch_model": "models/mrevadv/sbb_l/Linf/2_255/mra2_255__resnet50_sbb_l_trades8_255/mra2_255__resnet50_sbb_l_trades8_255__20210627_0414/resnet50_sbb_l_trades8_255_mra2_255.pt",
                        "comp_adv_acc": 87.09,
                        "comp_nat_acc": 92.15,
                        "trunk_model": [
                            "./models/std/sbb_l/resnet50_sbb_l_wstd__20210810_0037/resnet50_sbb_l_wstd.pt"
                        ]
                    }
                }
            }
        }
    },
    "info": {
        "dataset": "sbb_l",
        "model": ""
    },
    "nat_acc": {
        "top1": 91.57,
        "top5": 100.0
    },
    "per_class": {
        "adv_acc": {
            "Linf": {
                "apgd": {
                    "1_255": {
                        "joint": {
                            "adv_acc": 91.35,
                            "rob_inacc": 5.77
                        },
                        "nodefect": {
                            "adv_acc": 93.42,
                            "rob_inacc": 3.03
                        },
                        "squat": {
                            "adv_acc": 29.85,
                            "rob_inacc": 44.78
                        },
                        "surface_defect": {
                            "adv_acc": 91.07,
                            "rob_inacc": 4.34
                        },
                        "welding": {
                            "adv_acc": 86.67,
                            "rob_inacc": 8.15
                        }
                    }
                }
            }
        },
        "nat_acc": {
            "joint": 92.31,
            "nodefect": 95.27,
            "squat": 41.04,
            "surface_defect": 93.32,
            "welding": 90.0
        }
    }
}