{
    "adv_acc": {
        "Linf": {
            "apgd": {
                "1_255": {
                    "adv_acc": 87.95,
                    "rob_inacc": 2.9,
                    "robind_commit_prec_2x": 98.12896759104578,
                    "robind_commit_prec_2xsepbr": 97.89508853992649,
                    "robind_commit_rate_2x": 79.95191665553627,
                    "robind_commit_rate_2xsepbr": 79.95191665553627
                },
                "2_255": {
                    "adv_acc": 78.46,
                    "rob_inacc": 1.5,
                    "robind_commit_prec": 98.12896759104578,
                    "robind_commit_rate": 79.95191665553627
                },
                "info": {
                    "adv_attack": "apgd",
                    "adv_norm": "Linf",
                    "test_att_n_steps": 40,
                    "test_att_step_size": 0.1
                },
                "robind_commit_prec": 98.12896759104578,
                "robind_commit_prec_2x": 98.12896759104578,
                "robind_commit_prec_2xsepbr": 97.89508853992649,
                "robind_commit_rate": 79.95191665553627,
                "robind_commit_rate_2x": 79.95191665553627,
                "robind_commit_rate_2xsepbr": 79.95191665553627
            }
        }
    },
    "comp_acc": {
        "": {
            "2_255": {
                "comp_resnet50_mtsd_l_trades8_255_mra2_255__resnet50_mtsd_l_std": {
                    "rob": {
                        "branch_model": "models/mrevadv/mtsd_l/Linf/2_255/mra2_255__resnet50_mtsd_l_trades8_255/mra2_255__resnet50_mtsd_l_trades8_255__20210528_1002/resnet50_mtsd_l_trades8_255_mra2_255.pt",
                        "comp_adv_acc": 79.12,
                        "comp_nat_acc": 94.06,
                        "trunk_model": [
                            "./models/std/mtsd_l/resnet50_mtsd_l_std__20210516_0140/resnet50_mtsd_l_std.pt"
                        ]
                    }
                },
                "comp_resnet50_mtsd_l_trades8_255_mra2_255__resnet50_mtsd_l_trades2_255__resnet50_mtsd_l_std": {
                    "rob": {
                        "branch_model": "models/mrevadv/mtsd_l/Linf/2_255/mra2_255__resnet50_mtsd_l_trades8_255/mra2_255__resnet50_mtsd_l_trades8_255__20210528_1002/resnet50_mtsd_l_trades8_255_mra2_255.pt",
                        "comp_adv_acc": 87.74,
                        "comp_nat_acc": 93.95,
                        "trunk_model": [
                            "./models/adv/mtsd_l/Linf/resnet50_mtsd_l_trades2_255ft__20210526_1406/resnet50_mtsd_l_trades2_255.pt",
                            "./models/std/mtsd_l/resnet50_mtsd_l_std__20210516_0140/resnet50_mtsd_l_std.pt"
                        ]
                    }
                }
            }
        },
        "apgd": {
            "1_255": {
                "comp_resnet50_mtsd_l_trades8_255_mra2_255__resnet50_mtsd_l_std": {
                    "rob": {
                        "branch_model": "models/mrevadv/mtsd_l/Linf/2_255/mra2_255__resnet50_mtsd_l_trades8_255/mra2_255__resnet50_mtsd_l_trades8_255__20210528_1002/resnet50_mtsd_l_trades8_255_mra2_255.pt",
                        "comp_adv_acc_2x": 83.52,
                        "comp_adv_acc_2xsepbr": 83.33,
                        "comp_nat_acc_2x": 94.06,
                        "comp_nat_acc_2xsepbr": 94.02,
                        "trunk_model": [
                            "./models/std/mtsd_l/resnet50_mtsd_l_std__20210516_0140/resnet50_mtsd_l_std.pt"
                        ]
                    }
                },
                "compd_resnet50_mtsd_l_trades8_255_mra2_255__resnet50_mtsd_l_std": {
                    "rob": {
                        "branch_model": "models/mrevadv/mtsd_l/Linf/2_255/mra2_255__resnet50_mtsd_l_trades8_255/mra2_255__resnet50_mtsd_l_trades8_255__20210528_1002/resnet50_mtsd_l_trades8_255_mra2_255.pt",
                        "comp_adv_acc_2x": 83.52,
                        "comp_nat_acc_2x": 94.06,
                        "trunk_model": [
                            "./models/std/mtsd_l/resnet50_mtsd_l_std__20210516_0140/resnet50_mtsd_l_std.pt"
                        ]
                    }
                },
                "compdsepbr_resnet50_mtsd_l_trades8_255_mra2_255__resnet50_mtsd_l_std": {
                    "rob": {
                        "branch_model": "models/mrevadv/mtsd_l/Linf/2_255/mra2_255__resnet50_mtsd_l_trades8_255/mra2_255__resnet50_mtsd_l_trades8_255__20210528_1002/resnet50_mtsd_l_trades8_255_mra2_255.pt",
                        "comp_adv_acc_2xsepbr": 83.33,
                        "comp_nat_acc_2xsepbr": 94.02,
                        "trunk_model": [
                            "./models/std/mtsd_l/resnet50_mtsd_l_std__20210516_0140/resnet50_mtsd_l_std.pt"
                        ]
                    }
                }
            },
            "2_255": {
                "comp_resnet50_mtsd_l_trades8_255_mra2_255__resnet50_mtsd_l_std": {
                    "rob": {
                        "branch_model": "models/mrevadv/mtsd_l/Linf/2_255/mra2_255__resnet50_mtsd_l_trades8_255/mra2_255__resnet50_mtsd_l_trades8_255__20210528_1002/resnet50_mtsd_l_trades8_255_mra2_255.pt",
                        "comp_adv_acc": 79.12,
                        "comp_nat_acc": 94.06,
                        "trunk_model": [
                            "./models/std/mtsd_l/resnet50_mtsd_l_std__20210516_0140/resnet50_mtsd_l_std.pt"
                        ]
                    }
                },
                "comp_resnet50_mtsd_l_trades8_255_mra2_255__resnet50_mtsd_l_trades2_255__resnet50_mtsd_l_std": {
                    "rob": {
                        "branch_model": "models/mrevadv/mtsd_l/Linf/2_255/mra2_255__resnet50_mtsd_l_trades8_255/mra2_255__resnet50_mtsd_l_trades8_255__20210528_1002/resnet50_mtsd_l_trades8_255_mra2_255.pt",
                        "comp_adv_acc": 87.74,
                        "comp_nat_acc": 93.95,
                        "trunk_model": [
                            "./models/adv/mtsd_l/Linf/resnet50_mtsd_l_trades2_255ft__20210526_1406/resnet50_mtsd_l_trades2_255.pt",
                            "./models/std/mtsd_l/resnet50_mtsd_l_std__20210516_0140/resnet50_mtsd_l_std.pt"
                        ]
                    }
                }
            }
        }
    },
    "info": {
        "dataset": "mtsd_l",
        "model": ""
    },
    "nat_acc": {
        "top1": 93.21,
        "top5": 98.85
    }
}