{
    "adv_acc": {
        "Linf": {
            "apgd": {
                "1_255": {
                    "adv_acc": 89.11,
                    "rob_inacc": 6.08,
                    "robind_commit_prec_2x": 92.89834174477289,
                    "robind_commit_prec_2xsepbr": 94.95313626532082,
                    "robind_commit_rate_2x": 90.6832298136646,
                    "robind_commit_rate_2xsepbr": 90.6832298136646
                },
                "2_255": {
                    "adv_acc": 85.16,
                    "rob_inacc": 5.52,
                    "robind_commit_prec": 93.90771449170873,
                    "robind_commit_rate": 90.6832298136646
                },
                "info": {
                    "adv_attack": "apgd",
                    "adv_norm": "Linf",
                    "test_att_n_steps": 40,
                    "test_att_step_size": 0.1
                },
                "robind_commit_prec": 93.90771449170873,
                "robind_commit_prec_2x": 92.89834174477289,
                "robind_commit_prec_2xsepbr": 94.95313626532082,
                "robind_commit_rate": 90.6832298136646,
                "robind_commit_rate_2x": 90.6832298136646,
                "robind_commit_rate_2xsepbr": 90.6832298136646
            }
        }
    },
    "comp_acc": {
        "": {
            "2_255": {
                "comp_resnet50_sbb_l_trades8_255_stdaug_mra2_255__resnet50_sbb_l_trades2_255__resnet50_sbb_l_wstd": {
                    "rob": {
                        "branch_model": "models/mrevadv/sbb_l/Linf/2_255/mra2_255_stdaug__resnet50_sbb_l_trades8_255/mra2_255_stdaug__resnet50_sbb_l_trades8_255__20210627_1238/resnet50_sbb_l_trades8_255_stdaug_mra2_255.pt",
                        "comp_adv_acc": 89.64,
                        "comp_nat_acc": 91.89,
                        "trunk_model": [
                            "./models/adv/sbb_l/Linf/resnet50_sbb_l_trades2_255ft__20210627_2226/resnet50_sbb_l_trades2_255.pt",
                            "./models/std/sbb_l/resnet50_sbb_l_wstd__20210810_0037/resnet50_sbb_l_wstd.pt"
                        ]
                    }
                },
                "comp_resnet50_sbb_l_trades8_255_stdaug_mra2_255__resnet50_sbb_l_wstd": {
                    "rob": {
                        "branch_model": "models/mrevadv/sbb_l/Linf/2_255/mra2_255_stdaug__resnet50_sbb_l_trades8_255/mra2_255_stdaug__resnet50_sbb_l_trades8_255__20210627_1238/resnet50_sbb_l_trades8_255_stdaug_mra2_255.pt",
                        "comp_adv_acc": 87.9,
                        "comp_nat_acc": 93.33,
                        "trunk_model": [
                            "./models/std/sbb_l/resnet50_sbb_l_wstd__20210810_0037/resnet50_sbb_l_wstd.pt"
                        ]
                    }
                }
            }
        },
        "apgd": {
            "1_255": {
                "comp_resnet50_sbb_l_trades8_255_stdaug_mra2_255__resnet50_sbb_l_wstd": {
                    "rob": {
                        "branch_model": "models/mrevadv/sbb_l/Linf/2_255/mra2_255_stdaug__resnet50_sbb_l_trades8_255/mra2_255_stdaug__resnet50_sbb_l_trades8_255__20210627_1238/resnet50_sbb_l_trades8_255_stdaug_mra2_255.pt",
                        "comp_adv_acc_2x": 88.1,
                        "comp_adv_acc_2xsepbr": 89.96,
                        "comp_nat_acc_2x": 91.89,
                        "comp_nat_acc_2xsepbr": 93.07,
                        "trunk_model": [
                            "./models/std/sbb_l/resnet50_sbb_l_wstd__20210810_0037/resnet50_sbb_l_wstd.pt"
                        ]
                    }
                },
                "compd_resnet50_sbb_l_trades8_255_stdaug_mra2_255__resnet50_sbb_l_wstd": {
                    "rob": {
                        "branch_model": "models/mrevadv/sbb_l/Linf/2_255/mra2_255_stdaug__resnet50_sbb_l_trades8_255/mra2_255_stdaug__resnet50_sbb_l_trades8_255__20210627_1238/resnet50_sbb_l_trades8_255_stdaug_mra2_255.pt",
                        "comp_adv_acc_2x": 88.1,
                        "comp_nat_acc_2x": 91.89,
                        "trunk_model": [
                            "./models/std/sbb_l/resnet50_sbb_l_wstd__20210810_0037/resnet50_sbb_l_wstd.pt"
                        ]
                    }
                },
                "compdsepbr_resnet50_sbb_l_trades8_255_stdaug_mra2_255__resnet50_sbb_l_wstd": {
                    "rob": {
                        "branch_model": "models/mrevadv/sbb_l/Linf/2_255/mra2_255_stdaug__resnet50_sbb_l_trades8_255/mra2_255_stdaug__resnet50_sbb_l_trades8_255__20210627_1238/resnet50_sbb_l_trades8_255_stdaug_mra2_255.pt",
                        "comp_adv_acc_2xsepbr": 89.96,
                        "comp_nat_acc_2xsepbr": 93.07,
                        "trunk_model": [
                            "./models/std/sbb_l/resnet50_sbb_l_wstd__20210810_0037/resnet50_sbb_l_wstd.pt"
                        ]
                    }
                }
            },
            "2_255": {
                "comp_resnet50_sbb_l_trades8_255_stdaug_mra2_255__resnet50_sbb_l_trades2_255__resnet50_sbb_l_wstd": {
                    "rob": {
                        "branch_model": "models/mrevadv/sbb_l/Linf/2_255/mra2_255_stdaug__resnet50_sbb_l_trades8_255/mra2_255_stdaug__resnet50_sbb_l_trades8_255__20210627_1238/resnet50_sbb_l_trades8_255_stdaug_mra2_255.pt",
                        "comp_adv_acc": 88.2,
                        "comp_nat_acc": 90.45,
                        "trunk_model": [
                            "./models/adv/sbb_l/Linf/resnet50_sbb_l_trades2_255ft__20210627_2226/resnet50_sbb_l_trades2_255.pt",
                            "./models/std/sbb_l/resnet50_sbb_l_wstd__20210810_0037/resnet50_sbb_l_wstd.pt"
                        ]
                    }
                },
                "comp_resnet50_sbb_l_trades8_255_stdaug_mra2_255__resnet50_sbb_l_wstd": {
                    "rob": {
                        "branch_model": "models/mrevadv/sbb_l/Linf/2_255/mra2_255_stdaug__resnet50_sbb_l_trades8_255/mra2_255_stdaug__resnet50_sbb_l_trades8_255__20210627_1238/resnet50_sbb_l_trades8_255_stdaug_mra2_255.pt",
                        "comp_adv_acc": 86.47,
                        "comp_nat_acc": 91.89,
                        "trunk_model": [
                            "./models/std/sbb_l/resnet50_sbb_l_wstd__20210810_0037/resnet50_sbb_l_wstd.pt"
                        ]
                    }
                }
            }
        }
    },
    "info": {
        "dataset": "sbb_l",
        "model": ""
    },
    "nat_acc": {
        "top1": 91.17,
        "top5": 100.0
    },
    "per_class": {
        "adv_acc": {
            "Linf": {
                "apgd": {
                    "1_255": {
                        "joint": {
                            "adv_acc": 90.38,
                            "rob_inacc": 7.69
                        },
                        "nodefect": {
                            "adv_acc": 92.54,
                            "rob_inacc": 3.77
                        },
                        "squat": {
                            "adv_acc": 31.34,
                            "rob_inacc": 41.79
                        },
                        "surface_defect": {
                            "adv_acc": 92.32,
                            "rob_inacc": 4.34
                        },
                        "welding": {
                            "adv_acc": 85.93,
                            "rob_inacc": 7.04
                        }
                    }
                }
            }
        },
        "nat_acc": {
            "joint": 90.38,
            "nodefect": 94.24,
            "squat": 39.55,
            "surface_defect": 93.91,
            "welding": 89.63
        }
    }
}